GEO.id,GEO.id2,GEO.display-label,B27003_001E,B27003_001M,B27003_002E,B27003_002M,B27003_003E,B27003_003M,B27003_004E,B27003_004M,B27003_005E,B27003_005M,B27003_006E,B27003_006M,B27003_007E,B27003_007M,B27003_008E,B27003_008M,B27003_009E,B27003_009M,B27003_010E,B27003_010M,B27003_011E,B27003_011M,B27003_012E,B27003_012M,B27003_013E,B27003_013M,B27003_014E,B27003_014M,B27003_015E,B27003_015M,B27003_016E,B27003_016M,B27003_017E,B27003_017M,B27003_018E,B27003_018M,B27003_019E,B27003_019M,B27003_020E,B27003_020M,B27003_021E,B27003_021M,B27003_022E,B27003_022M,B27003_023E,B27003_023M,B27003_024E,B27003_024M,B27003_025E,B27003_025M,B27003_026E,B27003_026M,B27003_027E,B27003_027M,B27003_028E,B27003_028M,B27003_029E,B27003_029M,B27003_030E,B27003_030M,B27003_031E,B27003_031M,B27003_032E,B27003_032M,B27003_033E,B27003_033M,B27003_034E,B27003_034M,B27003_035E,B27003_035M,B27003_036E,B27003_036M,B27003_037E,B27003_037M,B27003_038E,B27003_038M,B27003_039E,B27003_039M,B27003_040E,B27003_040M,B27003_041E,B27003_041M,B27003_042E,B27003_042M,B27003_043E,B27003_043M,B27003_044E,B27003_044M,B27003_045E,B27003_045M,B27003_046E,B27003_046M,B27003_047E,B27003_047M,B27003_048E,B27003_048M,B27003_049E,B27003_049M,B27003_050E,B27003_050M,B27003_051E,B27003_051M,B27003_052E,B27003_052M,B27003_053E,B27003_053M,B27003_054E,B27003_054M,B27003_055E,B27003_055M,B27003_056E,B27003_056M,B27003_057E,B27003_057M
Id,Id2,Geography,Estimate!!Total,Margin of Error!!Total,Estimate!!Total!!Male,Margin of Error!!Total!!Male,Estimate!!Total!!Male!!Under 6 years,Margin of Error!!Total!!Male!!Under 6 years,Estimate!!Total!!Male!!Under 6 years!!With public coverage,Margin of Error!!Total!!Male!!Under 6 years!!With public coverage,Estimate!!Total!!Male!!Under 6 years!!No public coverage,Margin of Error!!Total!!Male!!Under 6 years!!No public coverage,Estimate!!Total!!Male!!6 to 18 years,Margin of Error!!Total!!Male!!6 to 18 years,Estimate!!Total!!Male!!6 to 18 years!!With public coverage,Margin of Error!!Total!!Male!!6 to 18 years!!With public coverage,Estimate!!Total!!Male!!6 to 18 years!!No public coverage,Margin of Error!!Total!!Male!!6 to 18 years!!No public coverage,Estimate!!Total!!Male!!19 to 25 years,Margin of Error!!Total!!Male!!19 to 25 years,Estimate!!Total!!Male!!19 to 25 years!!With public coverage,Margin of Error!!Total!!Male!!19 to 25 years!!With public coverage,Estimate!!Total!!Male!!19 to 25 years!!No public coverage,Margin of Error!!Total!!Male!!19 to 25 years!!No public coverage,Estimate!!Total!!Male!!26 to 34 years,Margin of Error!!Total!!Male!!26 to 34 years,Estimate!!Total!!Male!!26 to 34 years!!With public coverage,Margin of Error!!Total!!Male!!26 to 34 years!!With public coverage,Estimate!!Total!!Male!!26 to 34 years!!No public coverage,Margin of Error!!Total!!Male!!26 to 34 years!!No public coverage,Estimate!!Total!!Male!!35 to 44 years,Margin of Error!!Total!!Male!!35 to 44 years,Estimate!!Total!!Male!!35 to 44 years!!With public coverage,Margin of Error!!Total!!Male!!35 to 44 years!!With public coverage,Estimate!!Total!!Male!!35 to 44 years!!No public coverage,Margin of Error!!Total!!Male!!35 to 44 years!!No public coverage,Estimate!!Total!!Male!!45 to 54 years,Margin of Error!!Total!!Male!!45 to 54 years,Estimate!!Total!!Male!!45 to 54 years!!With public coverage,Margin of Error!!Total!!Male!!45 to 54 years!!With public coverage,Estimate!!Total!!Male!!45 to 54 years!!No public coverage,Margin of Error!!Total!!Male!!45 to 54 years!!No public coverage,Estimate!!Total!!Male!!55 to 64 years,Margin of Error!!Total!!Male!!55 to 64 years,Estimate!!Total!!Male!!55 to 64 years!!With public coverage,Margin of Error!!Total!!Male!!55 to 64 years!!With public coverage,Estimate!!Total!!Male!!55 to 64 years!!No public coverage,Margin of Error!!Total!!Male!!55 to 64 years!!No public coverage,Estimate!!Total!!Male!!65 to 74 years,Margin of Error!!Total!!Male!!65 to 74 years,Estimate!!Total!!Male!!65 to 74 years!!With public coverage,Margin of Error!!Total!!Male!!65 to 74 years!!With public coverage,Estimate!!Total!!Male!!65 to 74 years!!No public coverage,Margin of Error!!Total!!Male!!65 to 74 years!!No public coverage,Estimate!!Total!!Male!!75 years and over,Margin of Error!!Total!!Male!!75 years and over,Estimate!!Total!!Male!!75 years and over!!With public coverage,Margin of Error!!Total!!Male!!75 years and over!!With public coverage,Estimate!!Total!!Male!!75 years and over!!No public coverage,Margin of Error!!Total!!Male!!75 years and over!!No public coverage,Estimate!!Total!!Female,Margin of Error!!Total!!Female,Estimate!!Total!!Female!!Under 6 years,Margin of Error!!Total!!Female!!Under 6 years,Estimate!!Total!!Female!!Under 6 years!!With public coverage,Margin of Error!!Total!!Female!!Under 6 years!!With public coverage,Estimate!!Total!!Female!!Under 6 years!!No public coverage,Margin of Error!!Total!!Female!!Under 6 years!!No public coverage,Estimate!!Total!!Female!!6 to 18 years,Margin of Error!!Total!!Female!!6 to 18 years,Estimate!!Total!!Female!!6 to 18 years!!With public coverage,Margin of Error!!Total!!Female!!6 to 18 years!!With public coverage,Estimate!!Total!!Female!!6 to 18 years!!No public coverage,Margin of Error!!Total!!Female!!6 to 18 years!!No public coverage,Estimate!!Total!!Female!!19 to 25 years,Margin of Error!!Total!!Female!!19 to 25 years,Estimate!!Total!!Female!!19 to 25 years!!With public coverage,Margin of Error!!Total!!Female!!19 to 25 years!!With public coverage,Estimate!!Total!!Female!!19 to 25 years!!No public coverage,Margin of Error!!Total!!Female!!19 to 25 years!!No public coverage,Estimate!!Total!!Female!!26 to 34 years,Margin of Error!!Total!!Female!!26 to 34 years,Estimate!!Total!!Female!!26 to 34 years!!With public coverage,Margin of Error!!Total!!Female!!26 to 34 years!!With public coverage,Estimate!!Total!!Female!!26 to 34 years!!No public coverage,Margin of Error!!Total!!Female!!26 to 34 years!!No public coverage,Estimate!!Total!!Female!!35 to 44 years,Margin of Error!!Total!!Female!!35 to 44 years,Estimate!!Total!!Female!!35 to 44 years!!With public coverage,Margin of Error!!Total!!Female!!35 to 44 years!!With public coverage,Estimate!!Total!!Female!!35 to 44 years!!No public coverage,Margin of Error!!Total!!Female!!35 to 44 years!!No public coverage,Estimate!!Total!!Female!!45 to 54 years,Margin of Error!!Total!!Female!!45 to 54 years,Estimate!!Total!!Female!!45 to 54 years!!With public coverage,Margin of Error!!Total!!Female!!45 to 54 years!!With public coverage,Estimate!!Total!!Female!!45 to 54 years!!No public coverage,Margin of Error!!Total!!Female!!45 to 54 years!!No public coverage,Estimate!!Total!!Female!!55 to 64 years,Margin of Error!!Total!!Female!!55 to 64 years,Estimate!!Total!!Female!!55 to 64 years!!With public coverage,Margin of Error!!Total!!Female!!55 to 64 years!!With public coverage,Estimate!!Total!!Female!!55 to 64 years!!No public coverage,Margin of Error!!Total!!Female!!55 to 64 years!!No public coverage,Estimate!!Total!!Female!!65 to 74 years,Margin of Error!!Total!!Female!!65 to 74 years,Estimate!!Total!!Female!!65 to 74 years!!With public coverage,Margin of Error!!Total!!Female!!65 to 74 years!!With public coverage,Estimate!!Total!!Female!!65 to 74 years!!No public coverage,Margin of Error!!Total!!Female!!65 to 74 years!!No public coverage,Estimate!!Total!!Female!!75 years and over,Margin of Error!!Total!!Female!!75 years and over,Estimate!!Total!!Female!!75 years and over!!With public coverage,Margin of Error!!Total!!Female!!75 years and over!!With public coverage,Estimate!!Total!!Female!!75 years and over!!No public coverage,Margin of Error!!Total!!Female!!75 years and over!!No public coverage
0600000US0901180280,0901180280,"Waterford town, New London County, Connecticut",18601,116,8860,270,431,126,156,103,275,89,1162,178,412,145,750,138,854,162,170,105,684,153,893,189,283,95,610,137,927,148,245,90,682,133,1360,178,210,88,1150,167,1476,174,229,79,1247,161,1041,162,997,161,44,35,716,122,708,122,8,12,9741,284,801,242,248,101,553,227,1350,252,367,125,983,232,478,120,43,33,435,118,838,165,241,88,597,156,996,150,233,107,763,118,1480,157,181,98,1299,158,1530,178,202,82,1328,182,1014,136,944,136,70,45,1254,182,1254,182,0,19
0600000US0901155500,0901155500,"North Stonington town, New London County, Connecticut",5237,19,2698,240,95,65,42,46,53,50,510,156,78,71,432,171,89,69,2,3,87,69,189,90,0,17,189,90,351,100,2,4,349,101,366,127,17,25,349,125,513,116,87,60,426,106,308,98,308,98,0,17,277,99,277,99,0,17,2539,240,195,141,41,62,154,135,366,175,90,93,276,162,200,105,1,3,199,105,201,104,45,49,156,95,262,84,3,3,259,84,411,90,2,3,409,89,429,101,58,58,371,106,293,101,275,99,18,27,182,89,182,89,0,17
0600000US0901173770,0901173770,"Stonington town, New London County, Connecticut",18123,92,8686,285,345,93,116,66,229,66,1306,165,394,130,912,157,583,154,61,55,522,144,739,146,179,102,560,107,891,132,148,73,743,129,1440,183,192,81,1248,186,1521,148,171,55,1350,150,1187,143,1118,142,69,34,674,100,674,100,0,19,9437,279,481,147,132,92,349,103,1226,173,259,120,967,162,621,145,84,73,537,139,725,120,240,90,485,103,872,102,65,40,807,101,1383,130,221,86,1162,119,1695,147,309,101,1386,126,1291,185,1227,164,64,48,1143,164,1143,164,0,19
0600000US0901156270,0901156270,"Norwich town, New London County, Connecticut",39113,134,18906,599,1272,289,826,236,446,181,3162,322,1680,320,1482,272,1741,330,430,173,1311,308,2880,528,887,243,1993,433,2437,336,640,201,1797,329,2500,333,534,156,1966,295,2334,237,614,158,1720,220,1603,247,1355,247,248,125,977,168,977,168,0,26,20207,567,1331,250,792,228,539,171,2994,406,1574,396,1420,281,1885,316,683,234,1202,268,2829,349,1257,271,1572,322,2366,293,875,200,1491,262,2660,302,838,260,1822,262,2491,334,540,159,1951,312,2005,228,1931,235,74,73,1646,217,1548,223,98,71
0600000US0901123400,0901123400,"East Lyme town, New London County, Connecticut",16884,221,8208,261,335,80,59,41,276,81,1342,155,284,109,1058,149,586,186,84,89,502,164,709,220,112,83,597,186,745,122,49,37,696,123,1185,154,63,44,1122,155,1451,154,281,102,1170,150,1080,149,1028,148,52,35,775,115,775,115,0,19,8676,262,278,79,20,19,258,79,1320,176,306,99,1014,183,454,104,55,36,399,97,681,122,67,33,614,119,849,119,188,74,661,111,1424,165,155,59,1269,165,1436,170,224,74,1212,155,1313,121,1289,119,24,22,921,148,913,147,8,13
0600000US0901178600,0901178600,"Voluntown town, New London County, Connecticut",2559,23,1222,79,56,44,7,8,49,44,200,55,50,33,150,46,106,40,7,8,99,39,120,54,11,11,109,51,80,32,0,12,80,32,184,50,18,12,166,48,276,52,69,33,207,48,131,37,131,37,0,12,69,31,69,31,0,12,1337,80,64,32,36,26,28,19,213,59,35,28,178,64,111,56,34,34,77,50,92,41,16,14,76,41,165,44,22,26,143,39,211,45,40,30,171,42,241,56,58,30,183,50,84,32,84,32,0,12,156,42,156,42,0,12
0600000US0901143230,0901143230,"Lisbon town, New London County, Connecticut",4272,21,2105,129,100,61,6,10,94,59,282,79,9,13,273,79,235,131,10,15,225,131,187,71,38,30,149,65,200,64,32,28,168,65,414,112,43,45,371,108,355,69,30,28,325,66,214,58,203,60,11,16,118,55,118,55,0,12,2167,129,106,66,20,23,86,62,364,102,29,33,335,98,181,85,38,37,143,78,186,81,42,41,144,70,316,80,19,30,297,76,312,81,16,19,296,78,318,112,47,49,271,79,199,62,190,60,9,13,185,72,185,72,0,12
0600000US0901148900,0901148900,"Montville town, New London County, Connecticut",17374,218,8686,363,578,171,280,146,298,134,1163,196,314,107,849,190,783,189,122,97,661,179,905,189,144,68,761,181,927,158,249,120,678,160,1447,224,257,126,1190,211,1378,213,380,151,998,194,795,176,703,167,92,83,710,133,710,133,0,19,8688,351,393,190,296,181,97,64,1274,241,293,111,981,225,590,196,235,148,355,126,974,223,303,183,671,159,1012,208,202,93,810,194,1298,197,109,50,1189,187,1535,212,343,127,1192,200,845,159,796,161,49,53,767,167,767,167,0,19
0600000US0901144210,0901144210,"Lyme town, New London County, Connecticut",2469,102,1240,79,59,36,27,30,32,22,176,45,7,8,169,45,86,44,7,10,79,45,59,33,4,7,55,34,137,51,17,26,120,45,173,41,18,14,155,42,208,44,13,12,195,44,211,47,205,47,6,9,131,39,131,39,0,12,1229,81,63,43,20,27,43,36,133,37,40,21,93,32,80,40,15,16,65,42,94,42,18,16,76,44,98,29,10,11,88,26,186,53,3,4,183,52,189,41,11,10,178,40,195,46,190,46,5,7,191,52,191,52,0,12
0600000US0901157040,0901157040,"Old Lyme town, New London County, Connecticut",7419,32,3659,197,113,75,18,22,95,72,686,146,94,94,592,122,184,96,14,22,170,93,123,70,38,47,85,44,293,74,25,24,268,70,618,117,78,53,540,108,724,124,157,86,567,113,497,118,497,118,0,17,421,91,421,91,0,17,3760,197,98,50,43,31,55,40,611,159,45,44,566,155,116,81,17,27,99,78,170,63,14,15,156,63,385,77,61,33,324,74,588,98,60,63,528,102,704,125,166,79,538,107,633,124,625,123,8,13,455,113,455,113,0,17
0600000US0900700000,0900700000,"County subdivisions not defined, Middlesex County, Connecticut",0,12,0,12,0,12,0,12,0,12,0,12,0,12,0,12,0,12,0,12,0,12,0,12,0,12,0,12,0,12,0,12,0,12,0,12,0,12,0,12,0,12,0,12,0,12,0,12,0,12,0,12,0,12,0,12,0,12,0,12,0,12,0,12,0,12,0,12,0,12,0,12,0,12,0,12,0,12,0,12,0,12,0,12,0,12,0,12,0,12,0,12,0,12,0,12,0,12,0,12,0,12,0,12,0,12,0,12,0,12,0,12,0,12
0600000US0900722280,0900722280,"East Haddam town, Middlesex County, Connecticut",8953,85,4530,211,153,80,0,17,153,80,694,167,98,66,596,181,252,105,23,31,229,101,377,161,56,67,321,151,568,102,100,80,468,104,824,171,149,71,675,171,852,166,88,101,764,166,589,109,568,102,21,34,221,71,221,71,0,17,4423,229,388,121,86,77,302,116,491,153,70,62,421,152,293,112,36,58,257,105,373,129,58,52,315,128,453,94,59,50,394,103,735,128,70,61,665,133,907,168,106,73,801,140,537,111,521,110,16,16,246,92,246,92,0,17
0600000US0900757320,0900757320,"Old Saybrook town, Middlesex County, Connecticut",10007,111,4652,317,217,88,106,69,111,56,763,173,366,173,397,127,291,126,41,41,250,114,348,126,54,42,294,117,385,101,63,53,322,96,560,142,46,40,514,141,923,143,177,109,746,108,635,145,605,145,30,26,530,111,522,114,8,14,5355,312,236,102,97,62,139,72,666,246,318,199,348,133,321,100,81,65,240,78,263,88,94,67,169,67,472,102,145,86,327,94,1007,163,159,101,848,172,951,155,115,73,836,135,624,131,580,125,44,36,815,166,815,166,0,19
0600000US0900719130,0900719130,"Deep River town, Middlesex County, Connecticut",4474,31,2254,125,191,100,124,92,67,50,398,89,83,46,315,93,163,73,36,54,127,65,158,55,49,36,109,54,243,45,24,24,219,47,452,108,73,52,379,110,229,80,4,5,225,79,283,62,251,65,32,25,137,46,137,46,0,12,2220,126,57,42,28,32,29,27,374,93,98,56,276,98,92,54,0,12,92,54,152,77,67,54,85,50,303,76,7,11,296,76,439,88,51,36,388,87,368,93,14,18,354,96,281,61,251,57,30,23,154,59,154,59,0,12
0600000US0900715350,0900715350,"Clinton town, Middlesex County, Connecticut",12905,62,6402,234,295,94,112,57,183,81,1244,181,175,68,1069,174,395,111,35,35,360,106,636,131,99,53,537,123,739,121,79,44,660,119,1061,154,98,54,963,145,955,164,187,74,768,148,653,111,639,113,14,15,424,83,424,83,0,19,6503,246,275,94,52,36,223,85,810,197,211,90,599,179,366,115,51,30,315,113,737,147,142,67,595,135,649,99,124,52,525,101,1051,130,70,35,981,130,1135,142,96,50,1039,138,825,123,762,125,63,48,655,97,655,97,0,19
0600000US0900735230,0900735230,"Haddam town, Middlesex County, Connecticut",8209,52,4123,261,182,116,80,89,102,85,704,176,101,98,603,168,248,125,0,17,248,125,346,131,62,52,284,118,419,106,0,17,419,106,654,155,15,20,639,149,792,148,97,87,695,145,501,148,455,122,46,74,277,97,277,97,0,17,4086,262,189,76,30,45,159,71,579,157,19,31,560,158,251,142,18,29,233,136,289,141,59,91,230,124,481,122,23,32,458,124,734,152,0,17,734,152,700,137,94,62,606,136,528,106,528,106,0,17,335,98,320,97,15,24
0600000US0900740710,0900740710,"Killingworth town, Middlesex County, Connecticut",6414,20,3118,183,150,76,10,16,140,75,568,153,124,92,444,123,287,101,97,71,190,95,219,94,15,22,204,88,273,74,14,22,259,66,525,109,13,22,512,105,488,141,32,35,456,142,374,99,338,100,36,31,234,73,234,73,0,17,3296,181,141,77,26,28,115,75,595,143,18,29,577,139,138,84,24,29,114,83,287,94,23,32,264,91,282,113,47,44,235,106,574,126,54,64,520,120,586,148,26,30,560,146,449,122,449,122,0,17,244,95,208,74,36,55
0600000US0900747360,0900747360,"Middletown town, Middlesex County, Connecticut",45583,225,22159,450,1631,234,652,194,979,196,3198,358,1090,223,2108,334,3145,339,433,153,2712,315,3169,298,466,158,2703,309,2779,261,348,130,2431,238,2750,271,408,121,2342,282,2875,273,654,173,2221,256,1505,214,1446,209,59,34,1107,149,1042,143,65,65,23424,396,1316,191,549,144,767,192,2818,316,995,231,1823,304,3411,344,482,143,2929,343,3268,278,688,167,2580,262,2858,210,528,116,2330,238,2941,223,507,159,2434,210,3148,252,800,179,2348,210,2007,212,1886,211,121,72,1657,235,1657,235,0,26
0600000US0900714300,0900714300,"Chester town, Middlesex County, Connecticut",4151,78,1770,109,10,17,0,12,10,17,349,118,69,51,280,106,86,47,0,12,86,47,217,111,5,12,212,110,93,56,4,9,89,55,353,118,70,46,283,114,325,84,18,22,307,83,265,64,265,64,0,12,72,48,72,48,0,12,2381,128,90,84,0,12,90,84,466,98,52,42,414,100,57,44,0,12,57,44,244,137,0,12,244,137,267,80,62,65,205,73,276,82,35,33,241,78,389,98,80,69,309,87,310,97,302,93,8,13,282,79,282,79,0,12
0600000US0900726270,0900726270,"Essex town, Middlesex County, Connecticut",6555,39,3370,251,41,43,20,30,21,33,562,160,53,69,509,169,198,81,32,35,166,76,272,184,11,20,261,182,190,82,16,27,174,84,537,148,25,28,512,145,557,130,151,89,406,111,535,142,496,138,39,33,478,134,478,134,0,17,3185,248,50,52,18,28,32,41,448,160,37,51,411,161,154,81,0,17,154,81,91,67,51,57,40,44,228,110,9,17,219,107,555,106,45,63,510,110,559,128,86,57,473,120,571,137,542,138,29,32,529,138,529,138,0,17
0600000US0900718080,0900718080,"Cromwell town, Middlesex County, Connecticut",13670,155,6894,298,375,157,35,41,340,144,989,191,209,120,780,216,525,203,50,44,475,190,909,205,70,62,839,183,986,154,164,88,822,156,1124,176,63,60,1061,170,1015,168,141,95,874,168,590,130,513,120,77,58,381,112,381,112,0,19,6776,319,351,129,44,43,307,122,1265,282,271,155,994,255,295,153,73,88,222,97,731,158,28,32,703,153,903,140,136,105,767,141,963,144,28,32,935,144,977,150,77,54,900,151,694,135,665,135,29,23,597,135,597,135,0,19
0600000US0901301080,0901301080,"Andover town, Tolland County, Connecticut",3223,122,1517,118,110,54,14,21,96,52,221,92,26,30,195,83,57,50,0,12,57,50,151,77,18,23,133,71,190,49,14,22,176,51,233,77,17,22,216,76,370,76,25,23,345,75,144,44,135,43,9,13,41,28,41,28,0,12,1706,142,83,44,16,24,67,35,334,118,35,37,299,118,121,99,14,21,107,97,166,57,33,29,133,63,127,43,6,13,121,44,335,74,19,21,316,70,320,81,33,30,287,77,139,36,139,36,0,12,81,38,81,38,0,12
0600000US0901317800,0901317800,"Coventry town, Tolland County, Connecticut",12376,50,5992,276,397,99,61,49,336,108,967,196,130,103,837,185,497,192,102,98,395,185,549,148,81,52,468,140,703,125,35,40,668,120,935,184,122,73,813,184,966,170,62,44,904,163,679,149,638,145,41,37,299,114,299,114,0,19,6384,283,489,146,65,48,424,139,916,208,141,77,775,192,616,185,30,47,586,182,588,149,182,100,406,117,771,140,64,43,707,132,1075,175,157,75,918,161,1018,194,40,44,978,190,567,134,530,135,37,42,344,121,325,127,19,30
0600000US0901376290,0901376290,"Tolland town, Tolland County, Connecticut",14592,77,7343,258,526,161,0,19,526,161,1359,219,36,42,1323,221,658,192,38,61,620,186,547,167,44,68,503,161,878,140,74,86,804,131,1381,196,129,112,1252,187,1061,186,130,70,931,171,561,131,543,124,18,30,372,111,372,111,0,19,7249,258,261,122,0,19,261,122,1580,272,227,142,1353,281,485,192,95,108,390,155,545,143,41,41,504,140,708,152,47,43,661,159,1393,164,145,98,1248,171,1125,164,106,69,1019,158,652,132,620,132,32,37,500,139,500,139,0,19
0600000US0901369220,0901369220,"Somers town, Tolland County, Connecticut",9275,158,4586,154,246,81,35,29,211,74,750,137,47,40,703,131,336,114,24,26,312,117,383,104,15,18,368,104,519,97,19,21,500,95,607,136,60,56,547,115,723,122,74,36,649,120,643,106,601,116,42,47,379,89,371,90,8,12,4689,169,259,112,17,19,242,111,673,135,56,41,617,134,352,136,110,65,242,122,327,88,23,20,304,86,575,85,49,34,526,87,675,123,81,52,594,111,849,132,46,36,803,135,510,101,483,101,27,26,469,101,469,101,0,19
0600000US0901378250,0901378250,"Vernon town, Tolland County, Connecticut",28869,138,13835,462,928,187,327,118,601,168,1758,227,584,159,1174,218,1281,304,123,115,1158,266,2499,268,575,187,1924,230,1668,233,235,139,1433,243,1826,257,319,108,1507,260,1734,202,325,106,1409,196,1172,143,1124,144,48,35,969,160,949,164,20,23,15034,477,1146,209,492,158,654,162,1810,277,805,215,1005,224,1470,325,280,162,1190,325,2403,282,727,205,1676,237,1574,225,393,137,1181,216,1878,228,340,148,1538,222,1994,226,484,155,1510,186,1442,161,1398,157,44,39,1317,156,1317,156,0,23
0600000US0901377830,0901377830,"Union town, Tolland County, Connecticut",873,124,419,67,14,11,0,12,14,11,45,21,2,3,43,21,30,27,0,12,30,27,13,9,2,3,11,8,34,18,0,12,34,18,59,22,2,3,57,21,84,22,7,7,77,22,79,25,74,23,5,6,61,24,61,24,0,12,454,70,12,11,4,9,8,7,74,38,3,5,71,38,26,23,0,12,26,23,19,13,4,8,15,9,49,22,2,4,47,21,66,22,6,7,60,21,86,23,3,4,83,22,93,26,85,25,8,7,29,12,29,12,0,12
0600000US0901316400,0901316400,"Columbia town, Tolland County, Connecticut",5398,40,2837,191,249,125,17,32,232,124,422,164,64,56,358,145,207,96,9,14,198,96,274,149,19,34,255,146,178,121,0,17,178,121,329,107,26,30,303,107,642,133,94,71,548,122,327,108,327,108,0,17,209,71,209,71,0,17,2561,190,86,85,57,66,29,45,358,180,51,57,307,169,144,105,0,17,144,105,264,96,5,12,259,94,189,112,58,65,131,82,411,102,21,25,390,102,600,148,87,65,513,138,267,99,262,96,5,12,242,90,227,84,15,24
0600000US0901325360,0901325360,"Ellington town, Tolland County, Connecticut",16041,23,8362,386,555,179,120,113,435,171,1559,251,114,84,1445,254,600,228,53,62,547,232,835,222,125,85,710,224,1193,216,63,60,1130,211,1502,269,175,145,1327,280,1129,258,87,78,1042,245,637,178,625,176,12,21,352,130,352,130,0,19,7679,385,449,160,65,59,384,164,1205,275,125,91,1080,274,481,199,68,96,413,187,763,198,150,128,613,184,1084,188,57,55,1027,186,1440,256,107,71,1333,260,1106,181,71,66,1035,191,615,155,615,155,0,19,536,144,536,144,0,19
0600000US0901385950,0901385950,"Willington town, Tolland County, Connecticut",5912,22,3322,316,142,91,30,44,112,78,390,160,98,107,292,137,935,337,95,88,840,287,343,110,21,30,322,105,334,138,71,78,263,125,280,128,7,15,273,127,533,152,62,40,471,144,287,93,250,85,37,35,78,59,78,59,0,17,2590,318,102,70,40,50,62,54,151,80,46,53,105,72,455,220,191,191,264,124,451,135,131,125,320,116,147,94,42,46,105,78,382,129,7,16,375,130,512,144,32,32,480,140,221,80,221,80,0,17,169,106,169,106,0,17
0600000US0901344910,0901344910,"Mansfield town, Tolland County, Connecticut",25849,125,12685,499,169,94,60,67,109,73,2334,261,286,113,2048,269,6925,559,235,101,6690,528,527,180,165,102,362,126,445,88,48,28,397,89,692,138,99,59,593,118,663,157,173,90,490,135,588,107,575,106,13,21,342,78,342,78,0,23,13164,512,247,105,101,76,146,73,2173,273,309,127,1864,254,7149,471,368,147,6781,458,420,126,80,49,340,113,659,107,132,75,527,111,686,144,117,77,569,122,752,127,108,57,644,121,648,107,625,105,23,25,430,107,430,107,0,23
0600000US0901337910,0901337910,"Hebron town, Tolland County, Connecticut",9513,18,4760,195,197,93,38,49,159,83,933,151,131,85,802,138,475,125,54,68,421,136,355,112,59,44,296,97,539,94,34,36,505,95,796,87,33,31,763,84,846,110,128,66,718,107,392,75,344,77,48,45,227,71,227,71,0,17,4753,193,178,101,85,78,93,72,1000,122,130,99,870,147,310,101,66,84,244,100,299,100,0,17,299,100,478,96,50,54,428,92,958,124,92,56,866,125,729,116,28,23,701,114,443,100,433,97,10,16,358,87,358,87,0,17
0600000US0901372090,0901372090,"Stafford town, Tolland County, Connecticut",11717,99,5547,243,272,98,98,65,174,88,953,147,345,147,608,132,717,175,151,107,566,137,409,130,107,77,302,99,677,134,96,52,581,132,804,138,154,71,650,130,942,162,162,66,780,155,550,102,533,103,17,18,223,78,223,78,0,19,6170,253,312,112,90,67,222,94,819,135,220,120,599,138,792,196,158,105,634,203,383,99,112,61,271,93,891,128,174,93,717,140,906,126,148,73,758,122,1046,159,201,66,845,163,673,121,624,123,49,35,348,88,348,88,0,19
0600000US0900133620,0900133620,"Greenwich town, Fairfield County, Connecticut",62077,164,29711,519,2375,283,398,138,1977,303,6427,489,981,268,5446,442,1481,264,168,94,1313,238,2528,342,256,120,2272,334,3404,251,180,93,3224,235,5169,318,425,128,4744,323,3950,277,249,89,3701,284,2538,245,2229,229,309,80,1839,206,1807,208,32,34,32366,496,2277,257,287,111,1990,256,5732,345,693,203,5039,338,2052,305,276,129,1776,303,2337,262,204,102,2133,258,4302,307,420,146,3882,299,5720,381,559,160,5161,350,4183,311,380,134,3803,266,2970,283,2632,251,338,116,2793,265,2710,263,83,48
0600000US0900148620,0900148620,"Monroe town, Fairfield County, Connecticut",19621,33,9508,380,497,160,126,87,371,149,2216,288,255,115,1961,299,783,199,54,51,729,192,496,183,47,48,449,182,1136,163,92,60,1044,165,1730,210,212,145,1518,189,1342,188,192,114,1150,180,840,147,797,142,43,45,468,115,468,115,0,19,10113,381,585,190,53,46,532,184,1960,338,283,139,1677,336,727,190,111,80,616,172,690,183,48,55,642,173,1187,155,174,123,1013,144,1752,196,99,51,1653,203,1493,184,186,90,1307,189,969,157,881,161,88,57,750,147,750,147,0,19
0600000US0900163480,0900163480,"Redding town, Fairfield County, Connecticut",9104,52,4458,183,192,109,7,11,185,108,1065,165,217,122,848,154,280,136,21,33,259,134,314,93,12,20,302,87,238,84,0,17,238,84,893,148,74,55,819,142,603,132,19,18,584,130,510,119,415,112,95,63,363,84,363,84,0,17,4646,185,281,110,29,48,252,98,696,132,123,77,573,126,311,111,13,21,298,111,417,90,38,33,379,93,344,88,8,11,336,88,897,107,56,41,841,123,753,132,8,12,745,130,537,128,470,130,67,53,410,102,410,102,0,17
0600000US0900174190,0900174190,"Stratford town, Fairfield County, Connecticut",51937,140,24240,618,1552,250,578,162,974,232,3860,369,1363,304,2497,346,2268,337,569,220,1699,279,2585,325,479,133,2106,290,2884,335,516,199,2368,322,3805,277,526,141,3279,284,3437,256,512,153,2925,240,2290,249,2174,239,116,66,1559,206,1528,206,31,35,27697,625,1340,236,486,166,854,180,3683,358,1551,288,2132,286,2415,374,601,275,1814,313,3102,366,696,218,2406,346,3264,323,643,190,2621,300,4036,292,734,185,3302,310,3863,291,677,160,3186,287,3080,282,2869,276,211,82,2914,260,2850,257,64,42
0600000US0900150580,0900150580,"New Canaan town, Fairfield County, Connecticut",20233,25,9695,360,753,169,9,15,744,169,2623,324,81,60,2542,305,386,146,18,28,368,142,193,102,3,3,190,102,1229,128,101,74,1128,123,1770,180,61,52,1709,172,1363,211,141,125,1222,162,737,131,685,124,52,40,641,143,641,143,0,23,10538,359,688,179,24,30,664,172,2286,334,143,90,2143,318,477,153,41,36,436,151,508,151,58,60,450,140,1319,169,36,33,1283,171,1743,218,69,62,1674,208,1705,207,211,110,1494,184,897,155,863,156,34,30,915,187,907,188,8,11
0600000US0900150860,0900150860,"New Fairfield town, Fairfield County, Connecticut",13992,35,6975,300,498,178,98,119,400,129,1130,186,221,136,909,183,570,146,0,19,570,146,541,132,92,61,449,117,676,100,43,35,633,102,1048,146,78,51,970,149,1295,154,123,47,1172,153,642,129,621,132,21,23,575,134,575,134,0,19,7017,305,413,133,78,72,335,118,1143,197,159,98,984,205,590,156,168,103,422,122,538,110,56,45,482,99,630,107,77,54,553,102,1243,174,72,64,1171,175,1217,146,142,76,1075,136,804,128,793,127,11,19,439,116,439,116,0,19
0600000US0900152980,0900152980,"Newtown town, Fairfield County, Connecticut",27372,185,13428,333,777,151,113,92,664,173,2782,250,315,129,2467,268,1057,208,128,98,929,200,948,211,52,33,896,203,1164,180,62,42,1102,175,2464,192,186,94,2278,206,2285,240,207,91,2078,244,1098,157,1059,155,39,28,853,143,833,145,20,20,13944,337,680,153,75,69,605,150,2727,222,266,136,2461,259,1056,237,172,130,884,198,674,143,88,57,586,130,1383,135,87,56,1296,138,2874,212,201,104,2673,212,2168,192,245,75,1923,196,1144,142,1035,131,109,52,1238,221,1227,221,11,17
0600000US0900173070,0900173070,"Stamford town, Fairfield County, Connecticut",128455,236,63862,1057,4838,519,1968,374,2870,355,10041,728,3635,539,6406,692,6427,590,862,235,5565,552,9723,652,1054,267,8669,655,8991,505,758,248,8233,541,8380,477,1122,268,7258,459,7666,504,913,222,6753,505,4647,409,3910,363,737,191,3149,312,3078,314,71,61,64593,1031,4219,489,1241,296,2978,391,8884,692,3445,498,5439,521,5654,622,773,242,4881,567,9562,637,1227,344,8335,557,9366,627,1231,247,8135,617,8363,491,1600,341,6763,477,8285,550,1334,268,6951,471,5386,385,4675,343,711,213,4874,417,4740,417,134,83
0600000US0900183430,0900183430,"Weston town, Fairfield County, Connecticut",10288,44,5361,210,409,142,11,19,398,143,1517,238,47,46,1470,223,215,111,37,58,178,94,96,47,17,21,79,43,421,86,2,8,419,87,1039,116,41,33,998,117,871,134,81,70,790,140,559,107,527,101,32,28,234,60,234,60,0,19,4927,212,219,109,19,22,200,106,1108,161,73,60,1035,154,178,89,0,19,178,89,96,46,13,20,83,42,621,81,0,19,621,81,1131,158,92,57,1039,147,968,143,26,27,942,143,345,73,304,72,41,28,261,86,261,86,0,19
0600000US0900100000,0900100000,"County subdivisions not defined, Fairfield County, Connecticut",0,12,0,12,0,12,0,12,0,12,0,12,0,12,0,12,0,12,0,12,0,12,0,12,0,12,0,12,0,12,0,12,0,12,0,12,0,12,0,12,0,12,0,12,0,12,0,12,0,12,0,12,0,12,0,12,0,12,0,12,0,12,0,12,0,12,0,12,0,12,0,12,0,12,0,12,0,12,0,12,0,12,0,12,0,12,0,12,0,12,0,12,0,12,0,12,0,12,0,12,0,12,0,12,0,12,0,12,0,12,0,12,0,12
0600000US0900123890,0900123890,"Easton town, Fairfield County, Connecticut",7558,31,3817,176,215,87,10,15,205,86,750,190,78,54,672,175,164,67,12,20,152,64,190,84,32,35,158,73,460,104,22,24,438,100,655,145,52,35,603,147,711,161,63,49,648,142,415,90,390,94,25,23,257,73,257,73,0,17,3741,172,196,80,0,17,196,80,727,148,47,37,680,144,64,49,0,17,64,49,242,86,13,21,229,83,380,93,0,17,380,93,769,148,42,38,727,147,672,118,80,43,592,120,369,97,345,89,24,25,322,105,309,101,13,20
0600000US0900186370,0900186370,"Wilton town, Fairfield County, Connecticut",18353,119,9241,269,552,120,59,61,493,118,2460,245,214,112,2246,228,657,148,44,51,613,141,331,75,18,29,313,80,993,128,22,22,971,129,1409,171,81,42,1328,164,1502,194,77,51,1425,200,845,132,657,118,188,71,492,106,492,106,0,19,9112,270,631,129,36,30,595,125,1988,190,72,49,1916,199,461,125,39,53,422,122,451,114,36,46,415,107,1094,113,18,20,1076,116,1682,187,130,84,1552,165,1361,150,36,21,1325,147,788,116,737,110,51,39,656,124,639,125,17,28
0600000US0900108070,0900108070,"Bridgeport town, Fairfield County, Connecticut",144468,237,69945,1207,5985,467,4536,487,1449,242,13319,694,8600,580,4719,482,9411,669,2760,351,6651,602,9587,638,2284,340,7303,579,9648,571,2011,326,7637,546,8022,526,2379,319,5643,448,7697,447,2346,301,5351,455,3668,296,3289,290,379,115,2608,325,2578,321,30,25,74523,1199,5534,502,4082,401,1452,296,12185,698,7960,522,4225,533,8844,647,3356,354,5488,621,10437,649,4428,439,6009,628,9865,503,3859,354,6006,504,9897,495,3402,302,6495,464,8979,466,3407,391,5572,460,4675,383,4227,390,448,153,4107,355,4011,353,96,62
0600000US0900118850,0900118850,"Darien town, Fairfield County, Connecticut",21759,45,10434,276,826,155,0,23,826,155,2783,257,124,71,2659,259,540,152,48,59,492,143,567,126,32,32,535,121,1410,131,21,22,1389,125,1864,171,57,45,1807,166,1299,154,79,58,1220,143,641,115,560,113,81,45,504,96,504,96,0,23,11325,275,975,140,0,23,975,140,2880,224,72,50,2808,228,660,166,99,85,561,138,537,130,4,9,533,129,1588,134,42,34,1546,129,1919,146,100,65,1819,145,1293,152,84,61,1209,152,776,141,653,124,123,83,697,119,697,119,0,23
0600000US0900126620,0900126620,"Fairfield town, Fairfield County, Connecticut",60658,233,29088,556,2066,288,198,101,1868,287,6122,385,844,218,5278,378,2895,334,287,122,2608,350,1831,211,201,80,1630,199,3416,241,242,81,3174,243,4752,334,510,129,4242,319,4036,294,354,103,3682,292,2290,274,2038,267,252,76,1680,185,1660,189,20,19,31570,527,1858,222,184,70,1674,213,6515,400,595,162,5920,396,3441,503,328,106,3113,507,1881,228,256,92,1625,218,3734,244,291,90,3443,246,4566,272,346,112,4220,272,4534,311,313,98,4221,297,2441,249,2249,246,192,69,2600,229,2572,231,28,23
0600000US0900163970,0900163970,"Ridgefield town, Fairfield County, Connecticut",24946,122,12383,327,731,155,108,75,623,157,3144,318,74,45,3070,317,547,161,3,7,544,160,555,179,6,8,549,177,1404,210,86,56,1318,202,2263,241,95,62,2168,240,1822,190,70,46,1752,182,1045,180,943,169,102,54,872,151,849,142,23,37,12563,361,798,207,5,8,793,207,2634,287,161,99,2473,304,425,132,0,23,425,132,663,170,158,94,505,135,1490,217,47,40,1443,211,2328,210,38,35,2290,212,1992,234,84,69,1908,233,1242,155,1098,156,144,75,991,141,946,147,45,51
0600000US0900183500,0900183500,"Westport town, Fairfield County, Connecticut",27654,122,13162,429,868,206,72,62,796,204,2952,310,174,82,2778,276,925,230,67,56,858,222,449,102,107,50,342,98,1396,137,66,52,1330,139,2435,165,32,34,2403,164,2315,220,129,74,2186,212,1091,162,982,166,109,53,731,132,731,132,0,23,14492,432,824,157,68,45,756,151,3324,387,139,76,3185,394,673,210,89,80,584,197,741,162,129,86,612,131,1563,153,52,35,1511,150,2737,236,83,71,2654,220,2022,218,52,35,1970,216,1318,189,1175,186,143,79,1290,173,1290,173,0,23
0600000US0900104720,0900104720,"Bethel town, Fairfield County, Connecticut",19379,131,9606,443,605,186,224,126,381,146,2076,303,703,244,1373,250,712,154,63,53,649,154,643,167,93,78,550,159,1391,195,82,78,1309,225,1546,199,177,85,1369,200,1436,193,148,66,1288,186,778,121,724,119,54,54,419,90,402,92,17,26,9773,450,587,176,128,130,459,136,1383,224,258,114,1125,233,784,192,165,110,619,146,860,190,306,151,554,138,1218,198,199,117,1019,179,1855,217,285,132,1570,182,1531,200,118,82,1413,193,996,139,922,139,74,39,559,130,551,131,8,14
0600000US0900168310,0900168310,"Sherman town, Fairfield County, Connecticut",3641,21,1754,131,37,26,9,12,28,24,271,89,39,38,232,85,157,84,0,12,157,84,70,40,0,12,70,40,139,51,20,24,119,51,281,63,44,36,237,58,398,90,45,42,353,79,228,70,218,71,10,16,173,66,173,66,0,12,1887,133,53,33,3,7,50,32,403,107,24,25,379,109,165,77,16,27,149,62,52,45,0,12,52,45,162,56,5,9,157,56,355,83,12,19,343,81,323,71,0,12,323,71,223,64,215,65,8,12,151,63,151,63,0,12
0600000US0900156060,0900156060,"Norwalk town, Fairfield County, Connecticut",88038,133,42140,783,2606,366,643,191,1963,330,6281,441,1929,334,4352,392,4062,434,767,219,3295,419,6326,522,626,193,5700,491,5277,405,547,165,4730,389,6555,484,950,191,5605,470,5695,457,815,191,4880,405,3457,299,3115,277,342,118,1881,203,1787,191,94,68,45898,771,3202,375,1156,302,2046,317,7191,525,2164,391,5027,524,3533,417,648,195,2885,431,5483,495,827,250,4656,492,6083,415,918,196,5165,396,6947,474,1287,331,5660,468,5901,388,1057,234,4844,344,4000,363,3617,345,383,129,3558,328,3391,306,167,97
0600000US0900108980,0900108980,"Brookfield town, Fairfield County, Connecticut",16998,48,8405,314,583,145,85,88,498,124,1548,194,256,110,1292,182,734,233,67,60,667,231,812,168,87,48,725,154,761,166,76,83,685,141,1251,185,132,77,1119,162,1327,189,87,60,1240,194,787,147,729,147,58,50,602,140,602,140,0,19,8593,319,472,158,32,32,440,157,1635,261,299,160,1336,242,604,179,35,45,569,175,524,146,14,21,510,148,961,120,97,55,864,124,1386,219,123,59,1263,207,1492,217,146,87,1346,206,886,132,807,142,79,55,633,140,633,140,0,19
0600000US0900903250,0900903250,"Beacon Falls town, New Haven County, Connecticut",6105,29,2799,230,235,115,0,17,235,115,391,142,47,51,344,153,202,137,0,17,202,137,160,78,18,29,142,74,283,101,13,22,270,97,561,156,21,34,540,154,457,134,81,65,376,128,296,95,296,95,0,17,214,87,214,87,0,17,3306,231,120,75,70,64,50,45,731,135,70,61,661,143,291,144,42,63,249,133,329,141,155,113,174,99,271,103,19,30,252,100,378,123,0,17,378,123,629,141,16,28,613,138,317,97,297,99,20,35,240,125,240,125,0,17
0600000US0900982870,0900982870,"West Haven town, New Haven County, Connecticut",54592,152,27456,801,1779,316,1035,263,744,229,4452,486,2240,429,2212,320,4013,552,1132,351,2881,480,3751,440,891,251,2860,443,2803,446,734,240,2069,367,4185,481,959,261,3226,430,3327,403,1117,194,2210,359,2111,230,2037,236,74,54,1035,152,1012,153,23,28,27136,774,1842,396,954,331,888,259,4169,511,2006,390,2163,400,3714,396,750,207,2964,392,3308,348,901,241,2407,305,2739,359,909,232,1830,316,3913,450,1268,334,2645,404,3331,358,961,220,2370,318,2702,304,2506,243,196,151,1418,232,1393,229,25,22
0600000US0900904580,0900904580,"Bethany town, New Haven County, Connecticut",5504,17,2637,172,123,84,0,17,123,84,419,115,67,56,352,97,125,68,18,27,107,66,220,121,34,39,186,108,302,81,12,20,290,80,430,106,15,22,415,104,553,120,10,16,543,120,312,84,239,88,73,63,153,61,144,60,9,16,2867,171,239,123,19,32,220,125,375,127,18,28,357,131,180,90,23,37,157,82,172,109,53,81,119,79,432,91,17,27,415,93,391,100,21,31,370,94,602,115,15,24,587,114,294,83,281,82,13,20,182,78,172,77,10,16
0600000US0900934950,0900934950,"Guilford town, New Haven County, Connecticut",22109,104,10914,362,673,173,66,53,607,164,1769,231,165,104,1604,218,679,170,127,72,552,151,946,219,207,110,739,190,1141,176,93,59,1048,170,1436,203,161,77,1275,186,1908,223,167,70,1741,216,1445,183,1322,164,123,69,917,169,917,169,0,23,11195,373,486,170,42,50,444,171,2151,283,194,140,1957,268,531,126,79,69,452,119,768,158,131,72,637,148,1134,165,104,67,1030,165,1684,244,173,80,1511,225,1883,201,151,58,1732,204,1688,184,1605,190,83,53,870,162,870,162,0,23
0600000US0900944560,0900944560,"Madison town, New Haven County, Connecticut",17987,143,8541,422,530,206,69,64,461,199,1936,293,85,53,1851,303,473,132,72,50,401,125,370,135,28,29,342,131,617,123,117,90,500,128,1580,221,216,108,1364,220,1084,217,85,66,999,200,1186,183,1060,171,126,84,765,173,743,165,22,25,9446,426,500,223,48,43,452,225,1692,329,147,103,1545,310,435,164,103,101,332,134,467,130,64,48,403,126,935,178,50,47,885,169,1557,210,80,49,1477,204,1554,250,155,91,1399,234,1272,177,1199,178,73,40,1034,221,1027,220,7,10
0600000US0900987560,0900987560,"Wolcott town, New Haven County, Connecticut",16510,112,8348,403,325,155,45,44,280,163,1666,215,395,159,1271,228,652,148,81,51,571,143,811,223,162,80,649,209,735,144,125,87,610,147,1585,246,194,117,1391,235,1426,260,288,128,1138,224,656,138,607,132,49,48,492,125,492,125,0,19,8162,405,589,190,68,73,521,184,1155,238,163,98,992,224,726,180,42,46,684,169,533,167,81,68,452,162,927,201,129,99,798,198,1331,195,109,78,1222,196,1185,153,237,113,948,158,851,167,741,158,110,62,865,167,865,167,0,19
0600000US0900978740,0900978740,"Wallingford town, New Haven County, Connecticut",43977,188,20652,588,1095,267,327,139,768,236,2914,294,462,140,2452,294,1567,281,137,75,1430,261,1939,260,229,93,1710,246,2818,252,349,131,2469,237,3105,328,240,90,2865,300,3520,346,216,83,3304,333,2220,227,2162,232,58,42,1474,165,1462,165,12,19,23325,585,886,224,306,145,580,158,2683,298,489,128,2194,269,1943,298,295,159,1648,290,2406,333,303,122,2103,311,2832,297,293,119,2539,274,3610,327,237,121,3373,328,3885,291,542,198,3343,251,2608,232,2426,232,182,91,2472,268,2429,267,43,36
0600000US0900987700,0900987700,"Woodbridge town, New Haven County, Connecticut",8778,50,4357,231,387,123,46,47,341,119,843,147,44,55,799,144,113,58,23,25,90,54,237,105,86,91,151,66,439,95,23,23,416,94,879,194,159,91,720,156,558,127,16,27,542,125,562,122,530,120,32,29,339,112,302,109,37,57,4421,237,216,89,25,26,191,89,768,130,22,35,746,130,139,61,0,17,139,61,284,134,11,17,273,136,595,108,54,59,541,92,703,139,75,80,628,142,597,133,47,41,550,138,658,132,541,119,117,97,461,147,461,147,0,17
0600000US0900949950,0900949950,"Naugatuck town, New Haven County, Connecticut",31231,115,15682,610,992,363,569,323,423,172,2706,384,995,279,1711,327,856,245,179,94,677,245,2487,490,198,113,2289,491,2279,323,528,213,1751,304,2393,316,349,134,2044,318,1991,277,356,142,1635,232,1214,182,1140,188,74,50,764,175,748,169,16,26,15549,598,1309,354,740,333,569,241,2286,363,648,226,1638,282,1056,280,189,104,867,270,1687,304,583,189,1104,280,2087,300,441,146,1646,301,2458,364,402,200,2056,325,2029,294,333,112,1696,277,1526,234,1488,227,38,37,1111,233,1111,233,0,26
0600000US0900957600,0900957600,"Orange town, New Haven County, Connecticut",13876,53,6629,253,330,109,61,52,269,104,1229,200,115,79,1114,191,481,150,14,22,467,147,584,146,112,69,472,127,691,123,31,29,660,125,1020,133,131,67,889,126,1017,148,137,69,880,141,738,116,653,113,85,52,539,93,534,93,5,9,7247,259,481,127,93,77,388,112,1107,145,190,99,917,137,479,123,63,57,416,121,525,118,65,67,460,115,814,118,102,61,712,127,987,127,131,62,856,124,1157,149,75,59,1082,164,794,103,703,106,91,49,903,126,868,118,35,31
0600000US0900962290,0900962290,"Prospect town, New Haven County, Connecticut",9610,64,4834,281,291,112,42,49,249,107,838,260,236,202,602,171,511,184,27,30,484,180,412,155,24,35,388,151,563,80,67,51,496,73,560,129,159,72,401,112,913,155,60,52,853,164,453,100,428,97,25,29,293,94,293,94,0,17,4776,274,223,100,9,16,214,99,746,148,96,79,650,161,277,119,55,49,222,119,374,129,47,44,327,123,578,98,22,32,556,95,777,143,52,38,725,141,768,139,67,50,701,131,640,136,601,136,39,36,393,112,393,112,0,17
0600000US0900900000,0900900000,"County subdivisions not defined, New Haven County, Connecticut",0,12,0,12,0,12,0,12,0,12,0,12,0,12,0,12,0,12,0,12,0,12,0,12,0,12,0,12,0,12,0,12,0,12,0,12,0,12,0,12,0,12,0,12,0,12,0,12,0,12,0,12,0,12,0,12,0,12,0,12,0,12,0,12,0,12,0,12,0,12,0,12,0,12,0,12,0,12,0,12,0,12,0,12,0,12,0,12,0,12,0,12,0,12,0,12,0,12,0,12,0,12,0,12,0,12,0,12,0,12,0,12,0,12
0600000US0900907310,0900907310,"Branford town, New Haven County, Connecticut",27859,101,13094,414,564,159,146,96,418,144,2009,376,466,200,1543,333,918,229,116,98,802,203,1412,299,261,141,1151,259,1243,216,282,115,961,190,2242,306,278,115,1964,309,2209,269,297,100,1912,250,1429,208,1342,200,87,60,1068,200,1061,200,7,11,14765,415,790,224,226,114,564,192,1404,291,487,192,917,207,1153,264,195,124,958,258,1883,282,625,192,1258,258,1334,245,314,153,1020,218,2111,229,283,100,1828,218,2530,262,325,103,2205,282,1989,259,1801,270,188,88,1571,199,1538,205,33,31
0600000US0900946520,0900946520,"Meriden town, New Haven County, Connecticut",59099,185,27433,730,1911,368,853,268,1058,288,3515,361,1708,273,1807,318,2123,327,386,156,1737,326,3279,448,815,215,2464,445,3922,434,740,184,3182,429,4151,344,1034,233,3117,309,4177,380,752,188,3425,348,2958,313,2660,278,298,141,1397,252,1392,253,5,9,31666,731,1933,384,898,273,1035,287,3890,499,1924,367,1966,413,2837,461,912,269,1925,358,4201,463,1197,276,3004,426,4433,424,1106,232,3327,462,4830,428,1076,217,3754,385,4533,352,1110,235,3423,305,2866,345,2689,342,177,71,2143,251,2134,251,9,14
0600000US0900952070,0900952070,"New Haven town, New Haven County, Connecticut",129008,275,60602,1030,4792,492,3240,427,1552,305,11772,634,7635,632,4137,466,9576,687,2140,394,7436,663,10600,743,2251,344,8349,726,7078,505,1688,272,5390,488,6417,457,2197,348,4220,382,5095,422,2190,373,2905,341,3441,290,3169,268,272,91,1831,237,1823,238,8,14,68406,1062,5046,542,3265,542,1781,302,10961,665,7155,520,3806,572,10017,618,3461,476,6556,562,12327,587,3858,460,8469,500,8633,454,3340,375,5293,391,7729,490,2994,359,4735,436,6331,577,2370,414,3961,422,4462,332,3945,296,517,168,2900,271,2876,269,24,26
0600000US0900914160,0900914160,"Cheshire town, New Haven County, Connecticut",26794,214,13135,408,750,207,116,129,634,169,2256,313,60,47,2196,311,1038,238,47,45,991,236,919,193,105,75,814,180,1374,168,45,48,1329,169,2493,256,108,74,2385,266,2214,218,252,124,1962,203,1313,176,1234,181,79,63,778,136,778,136,0,23,13659,418,642,199,72,79,570,169,2169,276,68,51,2101,279,693,180,91,71,602,167,851,172,154,101,697,158,1562,231,120,77,1442,216,2611,290,132,95,2479,290,2224,252,237,102,1987,234,1547,234,1445,229,102,61,1360,221,1335,223,25,36
0600000US0900935650,0900935650,"Hamden town, New Haven County, Connecticut",60732,137,28289,700,1779,298,609,191,1170,225,4293,469,1211,314,3082,481,4046,488,598,210,3448,477,3693,463,642,253,3051,417,3116,366,417,159,2699,342,3386,319,428,139,2958,316,3928,345,574,183,3354,358,2189,230,2041,229,148,70,1859,228,1805,217,54,70,32443,706,1600,255,454,214,1146,197,5113,479,1320,341,3793,440,5037,607,545,182,4492,581,3597,382,645,174,2952,360,3569,306,607,166,2962,330,3618,345,582,160,3036,356,4560,394,771,219,3789,384,2705,290,2408,264,297,140,2644,295,2520,281,124,157
0600000US0900953890,0900953890,"North Branford town, New Haven County, Connecticut",14164,65,6923,395,327,168,171,139,156,103,982,242,63,53,919,231,598,249,23,36,575,247,658,199,34,39,624,194,691,156,189,141,502,140,1113,181,60,54,1053,171,1269,213,162,82,1107,209,667,144,607,145,60,42,618,171,618,171,0,19,7241,393,314,157,90,91,224,141,1103,236,135,85,968,228,476,153,23,36,453,154,487,175,99,89,388,150,789,194,216,133,573,167,1387,213,206,122,1181,192,992,183,113,93,879,166,942,205,888,209,54,45,751,164,751,164,0,19
0600000US0900980070,0900980070,"Waterbury town, New Haven County, Connecticut",107608,215,51291,1049,4675,524,3668,469,1007,260,10047,670,6667,547,3380,507,5901,588,1946,330,3955,521,6511,686,2082,359,4429,565,6435,514,1969,280,4466,477,6272,545,2353,380,3919,480,5987,535,2146,306,3841,452,3405,321,3266,316,139,66,2058,213,1999,214,59,56,56317,1019,4390,478,3194,436,1196,264,9648,751,6976,674,2672,425,5604,572,2608,370,2996,419,7417,529,3865,447,3552,359,7067,564,3260,376,3807,428,7696,474,2762,356,4934,426,6517,496,2779,394,3738,303,3824,338,3650,317,174,97,4154,408,4123,405,31,29
0600000US0900954870,0900954870,"North Haven town, New Haven County, Connecticut",23643,80,11380,335,523,166,82,60,441,149,1732,290,258,141,1474,284,972,244,63,56,909,246,1336,228,255,112,1081,224,1235,180,190,87,1045,185,1635,230,222,98,1413,208,1648,198,217,92,1431,190,1122,173,1037,175,85,56,1177,173,1153,173,24,28,12263,345,601,161,163,105,438,126,1860,245,192,98,1668,256,904,192,85,68,819,195,1056,228,174,79,882,210,1384,194,141,78,1243,199,1704,205,120,74,1584,220,1969,235,137,62,1832,223,1256,172,1217,170,39,36,1529,181,1515,185,14,23
0600000US0900947535,0900947535,"Milford town, New Haven County, Connecticut",53707,86,26407,501,1778,244,381,182,1397,237,3918,415,714,204,3204,376,1876,263,179,100,1697,245,3150,405,317,127,2833,375,3370,352,341,132,3029,346,3948,333,412,118,3536,339,4371,284,469,132,3902,278,2467,219,2371,221,96,41,1529,179,1529,179,0,29,27300,503,1218,237,307,132,911,214,3102,320,513,178,2589,318,1879,287,251,123,1628,297,3367,357,435,131,2932,318,3116,326,364,144,2752,317,4332,360,447,146,3885,348,4606,315,394,115,4212,333,3247,249,3061,250,186,94,2433,229,2393,228,40,40
0600000US0900549460,0900549460,"Morris town, Litchfield County, Connecticut",2288,191,1151,126,63,37,8,10,55,37,213,61,51,36,162,52,92,52,5,9,87,52,129,41,20,19,109,40,111,37,28,26,83,33,166,52,36,31,130,43,204,43,11,11,193,42,103,35,96,33,7,11,70,33,70,33,0,12,1137,103,89,34,5,8,84,33,141,39,30,21,111,38,69,32,0,12,69,32,97,42,10,10,87,42,109,37,17,13,92,34,198,54,45,27,153,45,191,44,12,14,179,42,149,36,142,37,7,11,94,37,94,37,0,12
0600000US0900566420,0900566420,"Salisbury town, Litchfield County, Connecticut",3608,40,1748,149,81,85,0,12,81,85,207,98,35,31,172,90,124,103,0,12,124,103,67,43,26,37,41,31,177,62,8,20,169,61,149,67,0,12,149,67,310,73,23,25,287,71,357,99,346,102,11,17,276,103,276,103,0,12,1860,144,72,67,29,48,43,41,264,93,61,71,203,96,43,35,0,12,43,35,44,37,0,12,44,37,196,34,22,26,174,27,245,70,11,19,234,71,312,80,13,17,299,77,352,80,342,80,10,17,332,95,332,95,0,12
0600000US0900560750,0900560750,"Plymouth town, Litchfield County, Connecticut",11710,100,5455,250,205,82,32,47,173,80,701,163,216,92,485,143,628,152,52,46,576,152,568,147,53,35,515,142,714,131,49,34,665,130,890,135,122,63,768,134,899,161,134,62,765,151,539,98,482,89,57,47,311,104,311,104,0,19,6255,259,432,144,93,61,339,141,862,181,367,152,495,138,579,141,101,69,478,128,662,134,156,97,506,113,696,125,122,58,574,117,935,153,136,82,799,137,1007,151,146,76,861,146,635,120,604,120,31,25,447,100,447,100,0,19
0600000US0900567960,0900567960,"Sharon town, Litchfield County, Connecticut",2692,42,1234,123,33,25,20,22,13,16,134,78,67,59,67,51,50,58,0,12,50,58,57,44,7,9,50,42,91,52,12,22,79,48,184,64,30,34,154,63,278,87,35,35,243,82,260,92,234,85,26,42,147,73,131,73,16,20,1458,130,23,25,21,25,2,17,185,88,122,79,63,59,32,33,21,29,11,17,52,42,3,7,49,40,106,42,29,37,77,45,296,105,128,78,168,72,313,95,22,23,291,95,304,86,288,87,16,20,147,99,147,99,0,12
0600000US0900575730,0900575730,"Thomaston town, Litchfield County, Connecticut",7618,19,3876,193,195,89,47,32,148,80,624,117,75,47,549,116,442,151,69,54,373,147,409,126,104,60,305,111,428,97,33,30,395,95,595,122,94,71,501,107,645,123,151,72,494,101,347,94,313,88,34,32,191,60,191,60,0,17,3742,194,134,67,21,23,113,62,635,148,73,44,562,154,222,71,14,17,208,70,374,101,84,50,290,90,428,104,44,30,384,94,572,98,109,57,463,95,605,138,116,66,489,116,464,103,447,102,17,18,308,79,308,79,0,17
0600000US0900576570,0900576570,"Torrington town, Litchfield County, Connecticut",34205,118,17180,432,1202,215,534,158,668,180,2776,282,1080,227,1696,231,1167,263,419,179,748,175,1805,259,390,126,1415,226,2014,194,501,129,1513,191,2790,242,611,157,2179,202,2756,202,639,144,2117,186,1558,192,1484,183,74,49,1112,170,1112,170,0,26,17025,437,920,150,433,142,487,133,2078,248,860,198,1218,185,1351,234,345,124,1006,230,2066,216,547,151,1519,208,2120,214,606,145,1514,193,2444,264,673,171,1771,194,2658,224,572,112,2086,208,1702,198,1565,170,137,119,1686,204,1661,204,25,24
0600000US0900517240,0900517240,"Cornwall town, Litchfield County, Connecticut",1302,127,616,69,21,18,7,7,14,17,109,40,67,39,42,22,26,15,4,5,22,14,24,22,4,5,20,21,36,18,2,4,34,17,97,34,22,16,75,32,127,31,24,17,103,26,114,28,102,27,12,8,62,18,62,18,0,12,686,74,21,18,7,12,14,16,124,46,56,42,68,31,23,14,7,7,16,12,34,23,0,12,34,23,43,25,24,24,19,10,100,29,38,18,62,26,150,35,26,13,124,31,122,35,113,34,9,10,69,22,66,21,3,4
0600000US0900552630,0900552630,"New Milford town, Litchfield County, Connecticut",27031,108,13252,383,738,197,145,77,593,177,2066,297,672,193,1394,283,1251,251,258,135,993,237,1364,221,166,96,1198,213,1582,168,299,158,1283,181,2335,230,83,53,2252,237,2156,239,356,122,1800,222,1209,166,1108,165,101,60,551,122,551,122,0,23,13779,373,670,186,157,86,513,170,1959,261,394,134,1565,264,1188,235,114,76,1074,230,1221,223,172,95,1049,215,1544,162,276,108,1268,153,2433,210,279,121,2154,204,2532,242,374,108,2158,245,1321,184,1248,183,73,55,911,159,901,159,10,14
0600000US0900580490,0900580490,"Watertown town, Litchfield County, Connecticut",21747,92,10835,374,785,235,331,230,454,147,1638,284,534,177,1104,262,965,217,98,80,867,199,1091,239,271,164,820,201,1051,197,98,73,953,195,1693,244,213,105,1480,241,1822,290,368,170,1454,240,1037,181,852,151,185,117,753,137,753,137,0,23,10912,374,575,178,120,92,455,156,1651,281,331,162,1320,252,860,226,161,102,699,202,1050,259,203,95,847,260,1186,169,162,99,1024,162,1897,228,161,87,1736,223,1592,257,126,85,1466,245,1103,195,1050,192,53,41,998,201,973,196,25,30
0600000US0900516050,0900516050,"Colebrook town, Litchfield County, Connecticut",1513,155,815,98,56,25,6,8,50,24,141,50,29,17,112,46,58,21,7,8,51,21,56,26,9,9,47,24,94,34,8,7,86,33,130,34,17,13,113,33,197,45,16,10,181,42,70,21,70,21,0,12,13,11,13,11,0,12,698,91,24,20,0,12,24,20,86,32,17,12,69,30,70,31,14,12,56,28,60,22,6,8,54,21,82,25,18,11,64,22,158,40,11,10,147,39,151,38,18,12,133,37,45,20,45,20,0,12,22,12,22,12,0,12
0600000US0900532290,0900532290,"Goshen town, Litchfield County, Connecticut",2903,21,1383,86,69,44,0,12,69,44,175,74,17,20,158,74,129,64,5,8,124,63,54,32,27,25,27,25,159,41,8,13,151,40,218,62,0,12,218,62,278,70,19,21,259,64,231,63,217,61,14,14,70,34,70,34,0,12,1520,87,77,49,0,12,77,49,260,102,28,27,232,104,77,56,0,12,77,56,89,43,9,14,80,41,151,49,16,23,135,40,249,49,4,7,245,51,314,63,56,35,258,53,220,58,214,58,6,10,83,43,83,43,0,12
0600000US0900587910,0900587910,"Woodbury town, Litchfield County, Connecticut",9617,26,4575,240,240,97,51,56,189,85,726,153,158,105,568,144,256,122,77,59,179,90,405,131,39,35,366,131,486,121,144,90,342,114,614,116,86,55,528,108,829,126,85,52,744,116,707,138,671,135,36,25,312,83,312,83,0,17,5042,246,305,162,90,67,215,165,733,149,169,83,564,159,219,95,67,65,152,78,466,119,86,73,380,109,490,109,108,86,382,118,788,132,118,74,670,126,954,160,45,36,909,162,536,118,488,113,48,40,551,147,506,143,45,39
0600000US0900508210,0900508210,"Bridgewater town, Litchfield County, Connecticut",1706,111,816,68,13,10,0,12,13,10,115,26,26,17,89,26,54,32,4,6,50,32,35,17,3,5,32,16,48,17,0,12,48,17,137,34,11,8,126,34,156,28,7,7,149,27,155,36,152,36,3,4,103,25,103,25,0,12,890,86,21,12,0,12,21,12,116,43,19,12,97,42,38,18,3,4,35,18,61,33,11,11,50,26,66,22,0,12,66,22,150,33,22,18,128,32,171,35,6,7,165,36,169,33,153,31,16,16,98,23,98,23,0,12
0600000US0900510940,0900510940,"Canaan town, Litchfield County, Connecticut",1196,127,584,73,34,17,26,16,8,8,53,25,15,10,38,24,31,21,8,7,23,20,64,26,5,6,59,25,52,22,14,10,38,18,79,20,17,12,62,19,121,37,12,10,109,35,111,35,106,37,5,6,39,19,39,19,0,12,612,72,39,29,13,9,26,29,81,31,16,14,65,32,17,11,8,8,9,7,49,23,12,9,37,21,42,21,10,9,32,18,87,29,12,8,75,29,144,38,18,12,126,36,97,37,97,37,0,12,56,23,56,23,0,12
0600000US0900504930,0900504930,"Bethlehem town, Litchfield County, Connecticut",3436,29,1691,115,85,54,51,45,34,35,213,77,37,33,176,74,126,54,0,12,126,54,221,81,53,42,168,71,198,50,29,21,169,50,223,61,23,22,200,57,311,77,37,25,274,74,212,56,184,52,28,33,102,43,102,43,0,12,1745,113,86,42,48,35,38,30,299,70,44,37,255,71,87,54,0,12,87,54,117,49,26,21,91,45,194,54,23,21,171,57,201,55,0,12,201,55,440,72,49,39,391,70,180,52,168,52,12,16,141,44,141,44,0,12
0600000US0900543370,0900543370,"Litchfield town, Litchfield County, Connecticut",8107,37,3814,153,174,65,64,45,110,54,659,118,247,106,412,145,167,61,33,25,134,56,264,92,100,68,164,75,387,79,91,49,296,82,523,99,105,69,418,91,715,108,137,75,578,102,504,84,495,84,9,11,421,85,406,83,15,17,4293,155,187,71,111,65,76,54,491,89,131,81,360,97,283,75,58,37,225,63,257,101,134,82,123,50,373,77,99,65,274,74,578,105,93,45,485,96,820,113,186,84,634,95,660,108,653,110,7,11,644,170,644,170,0,17
0600000US0900579510,0900579510,"Warren town, Litchfield County, Connecticut",1432,121,743,66,32,13,0,12,32,13,127,33,60,28,67,24,40,20,8,13,32,17,41,21,0,12,41,21,86,20,13,10,73,20,121,35,26,17,95,31,147,25,5,6,142,24,99,24,96,24,3,4,50,21,50,21,0,12,689,78,15,11,4,6,11,9,124,32,36,20,88,26,22,18,0,12,22,18,62,23,7,9,55,22,81,19,11,8,70,19,115,32,21,16,94,29,107,23,8,8,99,22,113,25,110,24,3,4,50,18,50,18,0,12
0600000US0900540290,0900540290,"Kent town, Litchfield County, Connecticut",2746,42,1338,168,75,46,16,19,59,38,283,152,0,12,283,152,88,59,0,12,88,59,49,50,14,22,35,33,111,49,7,12,104,48,154,53,7,11,147,52,325,92,84,60,241,77,157,59,143,57,14,17,96,56,91,56,5,8,1408,169,49,36,0,12,49,36,218,224,7,12,211,225,72,55,0,12,72,55,66,48,25,29,41,29,98,29,17,22,81,31,228,63,29,26,199,51,275,84,43,45,232,70,224,69,208,68,16,17,178,78,178,78,0,12
0600000US0900553470,0900553470,"Norfolk town, Litchfield County, Connecticut",1503,140,744,86,35,23,8,6,27,22,65,27,8,9,57,25,23,12,0,12,23,12,70,34,4,5,66,35,46,20,12,14,34,19,144,41,17,11,127,41,155,32,24,15,131,33,100,25,96,25,4,5,106,29,106,29,0,12,759,92,57,32,10,9,47,33,118,39,8,8,110,41,18,11,7,6,11,9,22,20,0,12,22,20,59,23,4,6,55,24,119,30,3,5,116,30,130,26,13,10,117,25,136,29,128,29,8,7,100,29,97,28,3,5
0600000US0900554030,0900554030,"North Canaan town, Litchfield County, Connecticut",3187,117,1607,126,81,57,50,50,31,27,157,81,69,54,88,49,119,83,27,41,92,70,216,107,62,48,154,104,201,77,7,12,194,76,221,87,13,19,208,85,256,83,145,75,111,54,205,60,174,49,31,38,151,65,151,65,0,12,1580,128,136,64,77,39,59,48,182,89,118,81,64,51,165,78,35,39,130,83,128,61,45,35,83,53,225,70,57,48,168,68,221,78,34,30,187,78,203,70,81,60,122,58,160,65,153,63,7,12,160,57,160,57,0,12
0600000US0900565930,0900565930,"Roxbury town, Litchfield County, Connecticut",2103,158,1105,105,33,24,0,12,33,24,198,42,5,7,193,41,86,48,0,12,86,48,42,22,6,10,36,22,74,30,5,7,69,29,198,46,5,7,193,45,160,41,0,12,160,41,199,46,189,45,10,10,115,37,110,36,5,7,998,96,22,18,0,12,22,18,161,41,13,17,148,42,33,22,0,12,33,22,35,23,0,12,35,23,66,24,0,12,66,24,220,36,0,12,220,36,171,42,12,14,159,42,213,42,208,42,5,7,77,27,77,27,0,12
0600000US0900586440,0900586440,"Winchester town, Litchfield County, Connecticut",10784,38,5633,292,252,121,104,92,148,103,922,229,343,159,579,202,668,203,134,80,534,198,388,167,88,78,300,148,551,150,209,130,342,121,897,205,255,117,642,165,859,213,218,112,641,206,686,142,643,142,43,47,410,134,410,134,0,19,5151,289,165,121,115,114,50,48,509,145,255,114,254,122,560,185,309,156,251,113,436,167,185,129,251,123,503,155,157,94,346,132,1012,208,281,171,731,161,932,193,142,80,790,175,660,185,660,185,0,19,374,129,374,129,0,19
0600000US0900551350,0900551350,"New Hartford town, Litchfield County, Connecticut",6743,46,3331,228,91,70,0,17,91,70,654,172,35,33,619,170,209,83,35,41,174,81,200,115,126,90,74,74,450,106,80,76,370,88,599,114,46,50,553,112,623,126,148,96,475,104,428,90,412,96,16,27,77,51,77,51,0,17,3412,226,175,100,40,56,135,86,673,157,77,63,596,160,264,120,81,70,183,107,115,90,26,38,89,85,412,106,48,46,364,97,529,116,24,32,505,113,576,123,144,94,432,118,349,102,317,99,32,38,319,107,319,107,0,17
0600000US0900579720,0900579720,"Washington town, Litchfield County, Connecticut",3438,50,1826,143,94,53,5,8,89,54,213,69,48,54,165,68,176,100,12,19,164,97,135,103,13,20,122,99,129,49,0,12,129,49,179,67,49,54,130,61,423,102,67,33,356,94,318,88,306,85,12,18,159,52,159,52,0,12,1612,137,55,34,9,14,46,32,184,63,38,48,146,74,91,50,13,25,78,46,114,55,24,28,90,52,106,54,0,12,106,54,209,65,47,50,162,62,359,88,31,29,328,85,337,80,337,80,0,12,157,54,148,51,9,15
0600000US0900502760,0900502760,"Barkhamsted town, Litchfield County, Connecticut",3671,22,1880,92,38,31,8,12,30,28,416,83,55,42,361,76,128,55,56,46,72,38,165,75,27,27,138,65,160,54,0,12,160,54,386,71,70,49,316,66,261,72,45,35,216,63,240,68,224,66,16,19,86,48,86,48,0,12,1791,91,42,34,0,12,42,34,293,84,9,15,284,84,94,54,37,40,57,35,132,63,0,12,132,63,194,65,11,18,183,68,438,68,77,47,361,69,243,74,18,21,225,72,240,65,229,65,11,16,115,45,115,45,0,12
0600000US0900325990,0900325990,"Enfield town, Hartford County, Connecticut",41196,505,20415,581,1190,244,514,166,676,168,3374,382,1140,250,2234,339,1846,277,242,142,1604,226,2676,342,504,164,2172,296,2549,265,524,165,2025,268,3006,225,516,147,2490,233,2902,249,639,183,2263,199,1498,179,1354,172,144,52,1374,166,1353,169,21,20,20781,558,1499,266,526,177,973,219,2867,256,923,217,1944,253,1844,250,525,149,1319,191,2308,318,660,178,1648,227,2449,278,523,176,1926,209,2978,264,543,163,2435,222,2958,265,615,154,2343,220,1865,162,1739,150,126,59,2013,208,2013,208,0,26
0600000US0900352140,0900352140,"Newington town, Hartford County, Connecticut",30066,119,14209,392,754,162,188,94,566,133,2219,277,398,161,1821,270,1146,206,97,80,1049,184,1475,206,226,95,1249,195,1931,224,227,91,1704,222,2147,208,260,96,1887,206,1977,240,309,96,1668,227,1461,175,1355,177,106,54,1099,170,1092,169,7,11,15857,398,656,152,171,87,485,128,2371,236,341,139,2030,250,1207,222,135,78,1072,213,1513,181,244,94,1269,176,1774,244,178,74,1596,228,2414,239,155,79,2259,236,2231,311,297,118,1934,296,1820,209,1686,210,134,65,1871,285,1803,284,68,41
0600000US0900368940,0900368940,"Simsbury town, Hartford County, Connecticut",24376,106,11987,312,707,175,81,62,626,178,2384,239,169,95,2215,218,811,169,74,48,737,174,782,128,75,46,707,123,1455,162,80,66,1375,153,2030,196,125,58,1905,189,1889,360,256,335,1633,161,1308,161,1201,148,107,58,621,123,612,121,9,16,12389,328,536,143,39,31,497,146,2404,271,267,119,2137,256,702,161,65,43,637,147,814,136,109,57,705,117,1654,162,127,69,1527,164,2250,192,143,78,2107,197,1864,197,233,93,1631,190,1255,135,1203,140,52,33,910,142,910,142,0,23
0600000US0900371390,0900371390,"South Windsor town, Hartford County, Connecticut",25790,57,12734,417,805,191,128,137,677,149,2681,289,457,145,2224,291,810,202,72,71,738,185,1103,187,55,61,1048,190,1683,226,154,71,1529,221,1965,232,197,92,1768,223,1843,207,161,72,1682,198,1130,178,1100,175,30,24,714,128,701,124,13,22,13056,415,656,176,51,46,605,160,1983,301,322,172,1661,261,1137,253,84,50,1053,251,868,172,53,57,815,175,1825,163,275,81,1550,175,2100,182,291,128,1809,183,1912,189,244,98,1668,178,1377,188,1351,180,26,24,1198,181,1189,184,9,16
0600000US0900382590,0900382590,"West Hartford town, Hartford County, Connecticut",62331,172,29794,591,2044,293,415,140,1629,276,5593,435,1370,375,4223,334,2174,287,282,114,1892,284,3579,360,394,150,3185,326,3595,309,332,156,3263,286,3861,276,484,121,3377,268,4389,264,574,154,3815,292,2482,216,2176,229,306,83,2077,187,2065,188,12,18,32537,615,1577,227,143,69,1434,205,6006,415,1215,273,4791,364,2728,372,427,142,2301,332,3323,297,318,129,3005,299,3897,257,649,203,3248,259,4510,291,545,170,3965,272,4364,298,520,126,3844,256,2917,288,2714,278,203,80,3215,271,3121,270,94,50
0600000US0900387070,0900387070,"Windsor Locks town, Hartford County, Connecticut",12549,36,6079,325,392,201,105,69,287,193,825,163,283,123,542,137,659,153,202,95,457,154,512,148,98,58,414,134,878,183,165,102,713,175,898,159,98,75,800,150,893,149,152,68,741,144,600,114,567,114,33,31,422,106,402,100,20,30,6470,322,365,147,174,109,191,123,909,223,348,188,561,181,530,143,136,90,394,135,709,138,206,78,503,126,682,139,55,54,627,140,1133,175,220,105,913,156,825,151,104,60,721,140,587,115,534,115,53,46,730,170,730,170,0,19
0600000US0900324800,0900324800,"East Windsor town, Hartford County, Connecticut",11151,125,5375,335,355,152,103,96,252,121,816,253,232,181,584,173,372,171,17,26,355,166,885,240,96,79,789,210,471,166,39,43,432,162,930,198,50,45,880,190,843,229,134,107,709,174,344,129,332,125,12,20,359,116,359,116,0,19,5776,324,427,195,211,156,216,120,611,230,185,157,426,190,261,150,16,25,245,146,1001,206,239,105,762,178,597,183,124,101,473,161,999,184,86,63,913,167,890,169,149,93,741,159,466,146,439,141,27,31,524,141,524,141,0,19
0600000US0900308490,0900308490,"Bristol town, Hartford County, Connecticut",59778,184,29308,719,1505,286,557,199,948,192,5156,544,1788,412,3368,410,2335,300,489,180,1846,296,4092,532,533,186,3559,542,3985,444,942,262,3043,357,3985,319,881,258,3104,296,4283,302,917,205,3366,315,2283,226,2133,211,150,78,1684,204,1662,207,22,26,30470,700,1963,310,755,248,1208,262,4730,499,2046,368,2684,326,2541,330,682,205,1859,305,3871,421,1116,239,2755,374,3488,358,923,235,2565,298,4488,337,913,218,3575,274,4211,344,943,216,3268,323,2550,304,2402,286,148,74,2628,254,2618,256,10,15
0600000US0900327600,0900327600,"Farmington town, Hartford County, Connecticut",25341,124,12060,346,604,151,176,104,428,129,2139,233,146,63,1993,228,904,193,34,31,870,195,1206,215,154,69,1052,198,1438,159,77,51,1361,154,1794,199,126,71,1668,189,1795,183,149,58,1646,182,1110,134,1076,138,34,26,1070,216,1062,215,8,12,13281,342,694,142,55,38,639,137,1953,221,366,199,1587,168,1049,209,43,32,1006,205,1239,227,167,81,1072,192,1664,169,255,122,1409,180,1914,183,126,59,1788,183,2112,195,256,92,1856,195,1409,155,1271,148,138,66,1247,184,1243,183,4,9
0600000US0900370550,0900370550,"Southington town, Hartford County, Connecticut",43585,123,21187,465,1333,288,193,116,1140,287,3766,382,604,196,3162,331,1498,248,150,110,1348,246,1966,306,195,97,1771,295,2580,253,207,95,2373,264,3238,262,310,131,2928,272,2811,249,259,93,2552,250,2494,234,2381,227,113,64,1501,191,1501,191,0,26,22398,471,1327,302,122,58,1205,302,3229,324,576,181,2653,289,1294,270,221,119,1073,252,1957,287,190,72,1767,280,2655,271,271,106,2384,284,3611,293,440,119,3171,298,3188,286,378,156,2810,282,2737,244,2563,245,174,89,2400,275,2365,276,35,33
0600000US0900302060,0900302060,"Avon town, Hartford County, Connecticut",18147,100,8735,260,663,208,47,38,616,208,1897,273,48,47,1849,271,362,106,11,17,351,106,457,141,9,13,448,139,1181,124,2,3,1179,124,1298,172,47,37,1251,165,1375,205,60,46,1315,204,774,142,726,141,48,44,728,144,728,144,0,19,9412,266,681,164,24,27,657,163,1508,195,114,68,1394,196,429,148,44,34,385,143,522,139,49,45,473,136,1300,169,39,36,1261,169,1413,158,43,35,1370,159,1382,201,39,45,1343,198,1201,167,995,151,206,107,976,172,967,173,9,14
0600000US0900384900,0900384900,"Wethersfield town, Hartford County, Connecticut",26262,26,11978,408,818,171,81,61,737,167,2014,256,485,173,1529,220,938,216,63,60,875,206,1137,244,132,59,1005,243,1462,191,173,87,1289,190,1763,211,246,104,1517,205,1739,214,230,93,1509,198,1064,169,963,143,101,103,1043,167,1035,168,8,12,14284,409,606,175,89,45,517,163,2075,299,470,178,1605,263,925,245,102,70,823,241,1382,255,182,72,1200,255,1810,179,287,126,1523,184,2107,238,321,151,1786,208,2189,210,367,113,1822,212,1413,249,1266,221,147,105,1777,243,1777,243,0,23
0600000US0900304300,0900304300,"Berlin town, Hartford County, Connecticut",20465,44,9928,345,462,137,146,108,316,120,1786,294,285,190,1501,253,509,177,33,28,476,171,911,244,160,92,751,205,893,180,19,28,874,182,1816,234,133,105,1683,219,1625,269,114,66,1511,267,1217,188,1159,183,58,45,709,171,709,171,0,23,10537,344,353,139,34,54,319,120,1542,244,385,196,1157,223,722,171,39,47,683,167,788,184,205,109,583,157,1134,169,48,56,1086,186,1904,183,69,51,1835,176,1679,222,150,76,1529,220,1157,191,1072,189,85,52,1258,233,1258,233,0,23
0600000US0900332640,0900332640,"Granby town, Hartford County, Connecticut",11218,63,5766,242,334,135,66,70,268,123,1090,144,72,52,1018,149,544,164,2,4,542,164,329,140,96,85,233,106,507,119,16,25,491,118,1155,176,46,42,1109,175,911,128,78,45,833,130,654,125,626,121,28,32,242,106,242,106,0,19,5452,240,315,139,45,39,270,132,970,169,56,47,914,171,205,91,0,19,205,91,362,136,33,38,329,129,586,121,42,39,544,119,1037,163,59,47,978,152,974,139,34,34,940,145,575,116,516,113,59,39,428,125,417,124,11,19
0600000US0900337140,0900337140,"Hartland town, Hartford County, Connecticut",2037,151,977,87,35,22,16,14,19,17,151,49,55,39,96,40,88,35,9,11,79,37,51,19,0,12,51,19,105,35,32,23,73,25,131,45,15,12,116,44,222,43,14,13,208,41,120,24,112,25,8,9,74,24,74,24,0,12,1060,97,58,32,25,25,33,21,202,48,68,40,134,50,50,24,7,10,43,21,49,19,11,9,38,18,104,28,11,10,93,25,217,43,50,33,167,41,218,37,23,19,195,40,93,25,87,24,6,8,69,23,69,23,0,12
0600000US0900337070,0900337070,"Hartford town, Hartford County, Connecticut",121657,337,57610,885,5397,435,4323,412,1074,237,10596,724,7802,595,2794,346,8807,661,2460,366,6347,625,8381,556,2250,309,6131,542,6757,504,2384,351,4373,417,6791,422,2930,329,3861,345,5858,406,2393,340,3465,347,3229,293,2909,265,320,112,1794,269,1722,251,72,78,64047,946,4668,377,3370,333,1298,270,11499,676,7781,604,3718,382,9105,566,3529,364,5576,463,8701,509,3972,408,4729,398,7852,466,3751,363,4101,384,7995,416,3804,328,4191,351,6424,412,2854,300,3570,340,4441,316,4049,315,392,149,3362,273,3326,271,36,28
0600000US0900344700,0900344700,"Manchester town, Hartford County, Connecticut",57371,220,27485,638,2525,377,903,223,1622,326,3733,404,1266,311,2467,353,2838,401,761,285,2077,305,5066,468,794,199,4272,477,3275,347,380,106,2895,332,3435,397,596,195,2839,362,3341,386,806,207,2535,318,2031,232,1874,242,157,77,1241,189,1232,190,9,16,29886,661,2152,270,682,198,1470,229,4201,555,1808,448,2393,339,2665,295,563,166,2102,290,5255,419,1036,234,4219,365,3254,295,692,183,2562,306,3740,312,986,254,2754,250,3941,335,947,198,2994,285,2744,226,2559,231,185,101,1934,204,1904,204,30,27
0600000US0900305910,0900305910,"Bloomfield town, Hartford County, Connecticut",20496,173,9417,357,450,135,119,79,331,138,1352,287,552,231,800,248,907,235,28,32,879,230,970,194,202,112,768,192,932,198,150,84,782,201,1127,246,185,110,942,251,1636,262,221,113,1415,250,1073,182,981,176,92,69,970,187,957,187,13,20,11079,386,392,191,144,109,248,164,1117,209,450,177,667,187,680,205,30,39,650,198,1172,260,254,139,918,238,999,175,122,76,877,177,1416,224,72,47,1344,220,2072,234,337,124,1735,238,1403,235,1261,228,142,76,1828,276,1792,277,36,33
0600000US0900374540,0900374540,"Suffield town, Hartford County, Connecticut",13382,224,6428,294,395,142,0,19,395,142,1107,201,76,53,1031,192,461,111,44,42,417,111,490,143,14,23,476,142,762,144,109,79,653,130,1203,163,94,60,1109,160,1027,161,36,36,991,157,590,113,590,113,0,19,393,94,393,94,0,19,6954,304,389,123,49,56,340,127,1294,247,223,135,1071,232,352,129,18,29,334,128,682,184,131,94,551,155,736,141,83,55,653,134,1198,176,46,33,1152,178,1073,170,70,42,1003,160,785,140,705,132,80,61,445,111,430,110,15,24
0600000US0900345820,0900345820,"Marlborough town, Hartford County, Connecticut",6286,49,3083,176,126,102,71,89,55,42,512,168,0,17,512,168,243,109,0,17,243,109,220,109,19,28,201,104,428,138,78,85,350,138,572,138,31,34,541,138,511,128,36,44,475,124,401,124,401,124,0,17,70,56,70,56,0,17,3203,181,305,180,171,166,134,119,415,191,0,17,415,191,172,89,0,17,172,89,347,123,100,78,247,103,417,114,6,11,411,112,508,123,1,9,507,122,467,161,0,17,467,161,481,101,462,102,19,27,91,73,91,73,0,17
0600000US0901513810,0901513810,"Chaplin town, Windham County, Connecticut",2329,151,1307,117,63,39,21,23,42,34,173,59,76,54,97,36,98,48,25,30,73,39,125,50,40,23,85,42,159,64,22,17,137,63,231,108,49,40,182,97,276,72,51,33,225,64,103,44,103,44,0,12,79,32,79,32,0,12,1022,89,14,12,9,11,5,7,123,61,50,39,73,39,55,31,26,25,29,21,71,38,12,19,59,32,118,40,27,24,91,37,188,53,19,15,169,53,242,59,61,41,181,53,116,40,112,41,4,7,95,49,95,49,0,12
0600000US0901512130,0901512130,"Canterbury town, Windham County, Connecticut",5062,29,2447,147,103,54,29,28,74,45,409,108,95,52,314,104,215,106,8,12,207,105,131,77,46,32,85,71,406,82,17,21,389,81,368,92,55,39,313,88,459,95,111,58,348,81,215,46,205,46,10,16,141,47,135,43,6,12,2615,150,139,64,48,42,91,57,484,131,158,124,326,88,96,50,31,25,65,43,208,73,64,37,144,73,405,69,32,43,373,84,387,88,61,44,326,79,428,90,70,43,358,79,226,55,216,53,10,12,242,69,236,71,6,11
0600000US0901559980,0901559980,"Plainfield town, Windham County, Connecticut",14933,142,7171,338,550,187,350,195,200,75,1059,242,611,240,448,150,646,191,23,34,623,189,873,166,186,107,687,167,932,188,238,137,694,167,1039,167,289,106,750,155,1091,174,225,95,866,147,686,159,668,157,18,27,295,112,295,112,0,19,7762,356,484,153,251,129,233,101,1188,214,575,231,613,185,570,167,175,111,395,140,934,159,304,139,630,160,931,143,244,118,687,163,1034,207,232,85,802,208,1079,201,264,108,815,176,880,151,861,148,19,29,662,174,662,174,0,19
0600000US0901501430,0901501430,"Ashford town, Windham County, Connecticut",4228,21,2175,173,129,72,97,70,32,39,284,91,153,73,131,70,227,139,54,53,173,109,200,89,63,44,137,73,294,77,124,66,170,70,413,104,67,41,346,95,378,86,40,31,338,88,160,45,142,43,18,19,90,42,90,42,0,12,2053,175,118,82,92,84,26,30,267,85,132,64,135,65,100,51,27,25,73,44,269,89,146,82,123,75,202,68,43,37,159,64,370,93,62,47,308,93,406,91,88,57,318,84,169,45,146,42,23,22,152,47,141,46,11,19
0600000US0901588190,0901588190,"Woodstock town, Windham County, Connecticut",7813,37,3879,255,131,63,37,41,94,54,651,194,169,86,482,208,251,119,0,17,251,119,420,181,77,72,343,171,533,121,78,60,455,121,556,108,61,44,495,100,610,152,66,80,544,144,495,116,418,96,77,80,232,125,232,125,0,17,3934,251,326,137,134,111,192,103,635,181,146,94,489,162,183,81,95,76,88,67,470,140,108,85,362,147,409,118,76,96,333,103,588,97,15,23,573,95,699,156,113,93,586,132,433,102,377,81,56,76,191,79,191,79,0,17
0600000US0901567400,0901567400,"Scotland town, Windham County, Connecticut",1648,163,826,104,32,22,23,19,9,10,127,56,22,16,105,53,86,46,2,3,84,45,60,26,33,26,27,15,79,32,14,10,65,32,113,42,16,14,97,39,146,45,21,14,125,46,131,46,131,46,0,12,52,24,46,21,6,10,822,82,37,21,4,5,33,21,94,29,39,20,55,24,88,44,3,6,85,43,68,32,37,28,31,15,76,27,25,17,51,26,134,46,14,10,120,45,167,48,6,8,161,47,115,41,115,41,0,12,43,24,35,20,8,12
0600000US0901561030,0901561030,"Pomfret town, Windham County, Connecticut",4146,47,2218,183,41,35,0,12,41,35,504,151,148,135,356,98,262,130,41,63,221,119,99,50,12,14,87,47,289,87,76,67,213,59,380,84,87,77,293,83,333,120,59,55,274,101,203,60,203,60,0,12,107,46,107,46,0,12,1928,195,0,12,0,12,0,12,432,119,33,53,399,124,173,74,16,22,157,71,133,83,35,56,98,63,253,81,37,55,216,83,258,70,22,26,236,70,376,97,92,71,284,78,214,68,200,70,14,21,89,55,89,55,0,12
0600000US0901509190,0901509190,"Brooklyn town, Windham County, Connecticut",7650,154,4252,255,249,124,93,75,156,107,882,183,99,82,783,198,330,165,108,93,222,119,352,152,0,17,352,152,356,133,25,33,331,127,777,155,298,150,479,152,515,131,131,99,384,114,531,120,510,125,21,32,260,104,260,104,0,17,3398,229,112,85,89,80,23,35,394,171,32,38,362,170,132,101,10,17,122,98,333,156,114,89,219,126,439,96,0,17,439,96,619,152,93,68,526,148,665,150,194,91,471,125,385,99,385,99,0,17,319,101,289,91,30,42
0600000US0901540500,0901540500,"Killingly town, Windham County, Connecticut",16869,95,8021,319,686,168,335,154,351,139,1201,203,313,128,888,197,581,170,161,106,420,160,925,209,285,192,640,183,1077,171,137,92,940,167,1232,211,221,121,1011,214,1370,211,288,152,1082,201,554,102,510,86,44,46,395,104,395,104,0,19,8848,325,644,224,193,118,451,204,1382,217,527,198,855,206,621,183,90,66,531,172,1055,168,380,162,675,182,1018,179,97,64,921,177,1421,194,389,178,1032,164,1271,186,337,115,934,174,935,179,935,179,0,19,501,131,501,131,0,19
0600000US0901562710,0901562710,"Putnam town, Windham County, Connecticut",9213,103,4216,257,161,84,58,57,103,57,464,139,216,111,248,121,445,161,30,25,415,159,526,154,167,76,359,145,422,98,131,57,291,96,777,173,282,145,495,135,786,183,196,112,590,154,405,92,361,94,44,43,230,76,230,76,0,17,4997,246,243,127,186,125,57,44,830,187,306,144,524,196,321,116,115,72,206,100,466,122,224,93,242,92,690,123,177,86,513,130,855,165,161,84,694,168,675,114,108,66,567,113,465,119,440,117,25,33,452,134,452,134,0,17
0600000US0901573420,0901573420,"Sterling town, Windham County, Connecticut",3762,34,1921,170,169,46,20,24,149,43,319,109,139,83,180,63,153,77,59,59,94,57,217,99,40,54,177,86,209,79,57,43,152,80,321,88,41,39,280,86,355,95,99,74,256,75,93,44,83,42,10,15,85,35,85,35,0,12,1841,171,117,92,40,61,77,74,319,69,106,78,213,53,62,43,38,38,24,28,256,91,62,54,194,82,210,91,78,69,132,66,431,136,121,86,310,103,182,84,72,61,110,47,152,60,152,60,0,12,112,61,112,61,0,12
0600000US0901521860,0901521860,"Eastford town, Windham County, Connecticut",1721,118,910,81,68,25,32,21,36,20,78,38,22,20,56,35,89,37,24,20,65,32,60,24,15,12,45,21,130,36,28,18,102,30,155,37,22,18,133,34,192,36,22,17,170,32,101,26,101,26,0,12,37,14,34,14,3,5,811,69,27,16,10,10,17,13,109,38,22,18,87,31,44,22,11,14,33,16,74,25,6,7,68,25,80,22,29,16,51,22,163,33,29,21,134,29,152,41,14,14,138,39,80,20,76,20,4,5,82,25,82,25,0,12
0600000US0901536000,0901536000,"Hampton town, Windham County, Connecticut",1847,104,975,64,56,22,23,15,33,18,126,30,32,21,94,25,67,25,14,15,53,21,93,37,49,24,44,22,77,21,12,10,65,21,164,41,17,12,147,38,206,42,45,23,161,36,128,33,126,32,2,3,58,21,58,21,0,12,872,65,44,25,6,7,38,23,80,17,23,12,57,16,54,22,5,7,49,21,63,26,25,13,38,22,99,22,12,9,87,22,149,28,15,10,134,28,212,39,40,27,172,35,112,27,112,27,0,12,59,20,59,20,0,12
0600000US0901115910,0901115910,"Colchester town, New London County, Connecticut",15685,92,7889,256,553,171,137,90,416,152,1380,273,209,123,1171,262,627,183,73,56,554,172,1041,257,189,99,852,246,821,135,63,50,758,138,1149,178,127,73,1022,179,1284,160,161,77,1123,151,700,162,588,134,112,98,334,85,334,85,0,19,7796,254,637,142,74,64,563,134,1383,223,238,105,1145,234,534,151,140,96,394,132,775,168,80,56,695,166,864,137,56,41,808,134,1501,199,176,89,1325,174,1140,155,147,72,993,157,627,111,617,107,10,14,335,94,335,94,0,19
0600000US0901142600,0901142600,"Ledyard town, New London County, Connecticut",14237,184,6904,436,858,222,437,192,421,162,995,194,184,135,811,185,400,185,150,126,250,132,947,197,110,80,837,191,750,201,177,101,573,176,805,183,153,88,652,166,1180,188,154,99,1026,185,716,139,690,139,26,27,253,88,253,88,0,19,7333,355,368,144,52,46,316,139,1135,214,208,92,927,209,654,215,86,89,568,207,853,200,184,104,669,175,811,178,160,78,651,161,1204,216,188,122,1016,198,1102,182,114,66,988,176,724,141,708,140,16,27,482,136,459,129,23,37
0600000US0901152350,0901152350,"New London town, New London County, Connecticut",25462,365,12328,571,648,153,430,155,218,93,2175,302,1336,262,839,260,2540,352,488,182,2052,360,1430,256,311,139,1119,244,1427,199,411,153,1016,215,1562,260,554,173,1008,215,1366,200,473,117,893,189,781,168,697,145,84,66,399,97,355,91,44,38,13134,496,645,134,430,144,215,101,2142,246,1377,239,765,203,2070,316,510,145,1560,290,1560,230,811,199,749,174,1658,243,802,212,856,197,1789,274,843,208,946,187,1697,221,534,145,1163,202,963,166,881,162,82,72,610,176,598,173,12,19
0600000US0901106820,0901106820,"Bozrah town, New London County, Connecticut",2567,17,1289,75,70,34,18,18,52,30,188,55,23,16,165,58,121,44,25,23,96,46,93,32,26,19,67,27,156,37,19,15,137,35,179,42,12,14,167,40,209,54,22,16,187,53,171,36,164,35,7,11,102,36,102,36,0,12,1278,73,58,31,25,26,33,19,137,48,48,38,89,42,144,48,48,37,96,43,108,37,23,18,85,37,160,41,32,22,128,37,200,44,0,12,200,44,226,45,22,17,204,46,117,37,117,37,0,12,128,35,128,35,0,12
0600000US0901162150,0901162150,"Preston town, New London County, Connecticut",4627,40,2148,127,188,83,86,63,102,66,249,78,31,40,218,77,190,63,26,29,164,61,143,62,25,30,118,56,180,77,54,52,126,62,410,88,92,67,318,68,365,88,87,53,278,79,261,66,243,63,18,20,162,59,162,59,0,12,2479,119,119,65,27,25,92,61,438,96,51,49,387,92,210,74,17,19,193,68,243,78,86,55,157,78,273,77,92,92,181,61,396,67,58,37,338,59,332,69,37,28,295,75,274,63,256,65,18,19,194,58,194,58,0,12
0600000US0901100000,0901100000,"County subdivisions not defined, New London County, Connecticut",0,12,0,12,0,12,0,12,0,12,0,12,0,12,0,12,0,12,0,12,0,12,0,12,0,12,0,12,0,12,0,12,0,12,0,12,0,12,0,12,0,12,0,12,0,12,0,12,0,12,0,12,0,12,0,12,0,12,0,12,0,12,0,12,0,12,0,12,0,12,0,12,0,12,0,12,0,12,0,12,0,12,0,12,0,12,0,12,0,12,0,12,0,12,0,12,0,12,0,12,0,12,0,12,0,12,0,12,0,12,0,12,0,12
0600000US0901129910,0901129910,"Franklin town, New London County, Connecticut",1835,94,945,68,42,17,17,12,25,13,135,35,53,31,82,23,110,27,6,8,104,26,65,20,15,12,50,16,104,36,31,21,73,29,152,34,19,22,133,30,169,35,18,17,151,33,116,24,106,26,10,11,52,17,52,17,0,12,890,60,50,18,10,12,40,17,133,35,30,31,103,28,50,25,3,5,47,25,53,18,14,11,39,18,78,17,9,9,69,18,177,31,20,13,157,32,160,25,16,12,144,26,90,21,87,21,3,5,99,22,99,22,0,12
0600000US0901142390,0901142390,"Lebanon town, New London County, Connecticut",7236,40,3882,180,187,86,18,29,169,75,846,162,256,203,590,192,124,77,0,17,124,77,409,133,122,96,287,108,440,132,57,71,383,141,552,156,166,125,386,126,698,133,104,95,594,140,415,98,415,98,0,17,211,92,211,92,0,17,3354,175,123,86,0,17,123,86,307,103,99,98,208,99,211,123,27,42,184,121,423,149,59,55,364,135,437,86,85,78,352,109,540,149,58,55,482,145,694,126,55,52,639,121,439,99,424,101,15,24,180,80,180,80,0,17
0600000US0901166210,0901166210,"Salem town, New London County, Connecticut",4086,52,2014,138,84,63,8,14,76,62,337,108,0,12,337,108,124,65,11,17,113,64,303,90,53,48,250,88,192,56,9,14,183,55,346,77,12,18,334,76,313,73,46,26,267,72,234,60,204,61,30,28,81,39,81,39,0,12,2072,126,252,137,43,55,209,142,258,98,12,17,246,97,108,73,0,12,108,73,283,87,49,47,234,85,177,68,9,14,168,66,300,66,35,33,265,65,324,91,36,24,288,87,303,61,280,62,23,22,67,40,67,40,0,12
0600000US0901171670,0901171670,"Sprague town, New London County, Connecticut",2929,33,1451,82,120,49,66,45,54,28,200,56,80,45,120,46,86,46,7,12,79,43,207,75,42,32,165,70,189,54,69,37,120,47,188,58,47,30,141,45,288,52,43,25,245,49,118,33,112,31,6,9,55,25,55,25,0,12,1478,83,90,50,47,29,43,46,219,63,135,59,84,37,117,57,12,12,105,57,143,51,71,38,72,44,209,67,91,54,118,46,176,52,32,30,144,45,253,55,51,33,202,53,101,31,101,31,0,12,170,73,170,73,0,12
0600000US0901134250,0901134250,"Groton town, New London County, Connecticut",34253,390,16439,516,1433,243,513,212,920,190,2923,337,1040,299,1883,251,1834,361,251,170,1583,293,2176,313,464,160,1712,269,1593,252,234,87,1359,238,2200,238,384,109,1816,221,2014,206,328,111,1686,165,1328,196,1204,205,124,68,938,133,929,132,9,12,17814,431,1433,222,543,165,890,217,2231,283,847,238,1384,205,2030,256,318,107,1712,256,2267,282,630,195,1637,242,2287,260,622,176,1665,226,2398,276,429,170,1969,219,2264,239,608,186,1656,186,1689,180,1618,176,71,49,1215,159,1201,157,14,15
0600000US0901133900,0901133900,"Griswold town, New London County, Connecticut",11686,31,6067,258,535,224,349,210,186,96,959,228,510,192,449,161,594,211,186,121,408,191,707,230,238,154,469,175,580,138,97,90,483,135,965,201,194,91,771,181,832,166,106,68,726,165,635,128,577,130,58,55,260,121,260,121,0,19,5619,255,329,152,99,98,230,138,1085,183,530,184,555,181,579,158,260,126,319,153,497,165,120,79,377,147,687,147,132,85,555,150,682,132,146,79,536,128,873,129,144,71,729,136,522,135,499,136,23,24,365,127,365,127,0,19
0600000US0900781680,0900781680,"Westbrook town, Middlesex County, Connecticut",6876,46,3320,245,124,78,0,17,124,78,238,100,43,52,195,94,297,143,0,17,297,143,186,84,19,31,167,81,414,209,22,28,392,210,616,129,26,42,590,130,698,156,121,97,577,152,471,136,423,128,48,44,276,85,276,85,0,17,3556,243,59,54,6,16,53,48,358,150,68,68,290,136,286,94,16,29,270,93,153,77,0,17,153,77,319,106,15,24,304,103,572,157,66,80,506,142,824,206,147,113,677,182,614,124,583,118,31,36,371,124,371,124,0,17
0600000US0900720810,0900720810,"Durham town, Middlesex County, Connecticut",7198,46,3564,156,122,71,0,17,122,71,666,179,85,97,581,175,364,150,0,17,364,150,165,96,0,17,165,96,368,125,31,34,337,133,677,126,13,17,664,129,656,165,56,43,600,162,394,95,353,93,41,35,152,68,152,68,0,17,3634,159,142,84,14,24,128,80,600,179,103,75,497,178,309,123,0,17,309,123,262,103,22,37,240,99,353,99,0,17,353,99,705,130,23,27,682,134,610,114,43,41,567,110,429,76,415,77,14,22,224,89,224,89,0,17
0600000US0900761800,0900761800,"Portland town, Middlesex County, Connecticut",9295,36,4334,201,253,106,38,37,215,100,696,140,150,72,546,133,262,92,3,7,259,92,480,163,34,43,446,157,470,106,92,48,378,95,604,142,104,72,500,140,874,149,167,89,707,143,425,116,425,116,0,17,270,95,270,95,0,17,4961,198,252,109,63,72,189,107,875,152,205,93,670,152,262,104,0,17,262,104,428,137,115,96,313,109,528,121,64,42,464,121,919,145,37,35,882,142,638,147,110,59,528,141,518,121,518,121,0,17,541,127,541,127,0,17
0600000US0900747080,0900747080,"Middlefield town, Middlesex County, Connecticut",4385,19,2087,120,155,84,35,42,120,79,204,81,29,42,175,64,127,57,0,12,127,57,159,78,12,16,147,76,249,56,14,22,235,57,383,77,26,26,357,73,352,92,61,45,291,80,278,79,259,72,19,22,180,59,171,56,9,14,2298,122,83,59,43,36,40,33,330,82,31,46,299,72,256,112,50,46,206,109,144,59,9,16,135,57,204,45,7,11,197,46,509,86,50,48,459,78,338,75,59,51,279,75,216,50,207,50,9,15,218,65,218,65,0,12
0600000US0900722490,0900722490,"East Hampton town, Middlesex County, Connecticut",12777,62,6257,257,356,133,20,24,336,130,903,156,149,109,754,155,476,138,59,57,417,126,512,120,107,54,405,114,736,132,125,76,611,132,1209,166,94,54,1115,162,1037,142,131,68,906,140,777,136,755,134,22,25,251,81,251,81,0,19,6520,260,403,111,58,44,345,110,1019,186,258,140,761,167,334,113,55,50,279,101,617,131,153,68,464,130,905,123,157,93,748,138,1062,142,119,93,943,136,1100,150,162,89,938,143,744,116,733,116,11,16,336,94,336,94,0,19
0600000US0901306260,0901306260,"Bolton town, Tolland County, Connecticut",4927,24,2400,137,107,61,19,20,88,59,519,93,179,118,340,106,172,73,48,47,124,60,200,65,30,25,170,63,209,77,50,46,159,70,400,87,61,55,339,81,381,62,39,31,342,63,245,53,227,49,18,16,167,57,167,57,0,12,2527,136,93,53,34,34,59,43,461,102,36,33,425,104,195,95,77,69,118,78,137,54,58,45,79,35,289,73,23,24,266,77,429,78,82,58,347,81,380,70,18,19,362,69,400,87,377,89,23,23,143,50,132,48,11,17
0600000US0900168170,0900168170,"Shelton town, Fairfield County, Connecticut",40728,189,19663,479,849,190,239,97,610,179,3019,304,582,158,2437,319,1819,325,245,130,1574,284,1752,260,258,102,1494,244,2047,248,290,137,1757,241,3556,333,463,165,3093,314,3095,282,454,148,2641,291,2233,269,1995,270,238,130,1293,194,1261,192,32,34,21065,468,1128,244,235,127,893,215,2898,369,566,184,2332,344,1725,341,243,155,1482,313,1406,250,291,123,1115,217,2524,230,376,138,2148,196,3478,343,389,132,3089,326,3369,340,322,150,3047,355,2417,227,2309,237,108,68,2120,242,2120,242,0,26
0600000US0900118500,0900118500,"Danbury town, Fairfield County, Connecticut",83057,267,41407,977,3010,352,1396,254,1614,318,6341,507,2391,431,3950,449,4348,422,375,125,3973,432,6085,638,416,155,5669,627,6649,414,716,177,5933,436,5515,519,717,200,4798,462,4809,346,821,217,3988,363,2946,302,2676,277,270,131,1704,281,1689,276,15,21,41650,984,3252,458,1854,394,1398,263,6610,520,2560,377,4050,455,4190,414,950,291,3240,413,5109,427,1006,270,4103,398,5445,388,886,201,4559,401,5704,428,981,228,4723,449,4973,393,903,189,4070,336,3543,294,3258,292,285,116,2824,336,2813,335,11,17
0600000US0900177200,0900177200,"Trumbull town, Fairfield County, Connecticut",35956,116,17351,440,1097,206,115,58,982,196,3552,346,399,142,3153,361,1289,261,163,121,1126,247,1186,185,212,84,974,168,2255,226,267,99,1988,213,2647,233,159,77,2488,242,2389,227,227,83,2162,229,1483,201,1399,190,84,51,1453,231,1431,225,22,35,18605,418,1214,288,160,81,1054,284,3428,290,517,173,2911,336,1254,197,147,76,1107,193,1393,217,104,68,1289,208,2320,210,229,100,2091,217,2869,237,219,84,2650,255,2388,278,230,99,2158,258,1803,220,1765,219,38,30,1936,230,1880,227,56,51
0600000US0900922910,0900922910,"East Haven town, New Haven County, Connecticut",28572,127,13952,581,738,238,154,91,584,233,2177,377,909,236,1268,287,1469,240,396,139,1073,216,1812,311,391,138,1421,298,1680,304,231,94,1449,299,1939,243,379,121,1560,223,1874,207,414,141,1460,201,1354,187,1265,191,89,60,909,167,909,167,0,23,14620,574,756,231,308,147,448,205,2176,353,712,274,1464,283,1077,306,110,68,967,296,1682,262,375,127,1307,227,1636,273,399,147,1237,222,1941,252,344,101,1597,232,2397,274,611,165,1786,246,1480,228,1403,212,77,72,1475,210,1460,209,15,17
0600000US0900946940,0900946940,"Middlebury town, New Haven County, Connecticut",7649,33,3612,150,187,97,0,17,187,97,572,122,35,38,537,114,361,94,33,41,328,84,265,80,37,39,228,79,364,73,14,21,350,68,585,110,7,11,578,110,533,97,48,34,485,97,423,80,405,83,18,20,322,76,322,76,0,17,4037,153,242,130,100,121,142,70,660,136,28,27,632,132,138,61,34,38,104,55,339,116,34,29,305,117,484,105,0,17,484,105,664,128,75,54,589,113,640,102,68,46,572,108,373,82,355,84,18,20,497,110,472,103,25,31
0600000US0900901220,0900901220,"Ansonia town, New Haven County, Connecticut",18839,65,9551,418,497,181,288,130,209,138,2108,319,990,398,1118,308,819,240,155,90,664,222,1178,276,349,137,829,252,1272,200,322,132,950,236,1352,220,453,164,899,195,1014,176,242,108,772,142,783,185,723,178,60,44,528,140,519,137,9,14,9288,419,501,245,163,110,338,228,1164,221,679,214,485,160,786,235,207,124,579,202,893,276,308,163,585,212,1408,251,518,179,890,182,1303,308,456,182,847,228,1508,254,436,164,1072,209,820,205,783,186,37,62,905,172,905,172,0,19
0600000US0900958300,0900958300,"Oxford town, New Haven County, Connecticut",13022,23,6457,342,290,118,16,26,274,116,1126,230,204,169,922,217,543,144,16,28,527,143,448,147,78,62,370,142,747,101,13,21,734,99,1105,205,213,216,892,191,1077,200,174,142,903,147,732,137,693,133,39,42,389,122,389,122,0,19,6565,343,364,154,0,19,364,154,1271,221,76,59,1195,226,269,119,42,46,227,112,325,141,85,73,240,106,997,222,75,84,922,174,1064,195,11,17,1053,195,1051,149,19,29,1032,143,732,118,707,128,25,32,492,139,492,139,0,19
0600000US0900919550,0900919550,"Derby town, New Haven County, Connecticut",12352,108,5889,341,489,222,428,203,61,73,961,269,664,248,297,130,378,136,37,43,341,132,809,243,196,141,613,204,744,190,114,74,630,195,1006,208,185,96,821,227,765,170,219,117,546,159,466,138,419,126,47,61,271,121,271,121,0,19,6463,353,319,207,283,199,36,37,928,206,431,209,497,200,658,183,273,151,385,166,816,176,333,131,483,149,746,171,302,158,444,174,1006,209,206,140,800,201,916,203,133,109,783,159,563,120,563,120,0,19,511,166,483,156,28,44
0600000US0900969640,0900969640,"Southbury town, New Haven County, Connecticut",19534,115,9439,379,514,170,6,9,508,169,1654,259,335,194,1319,235,690,188,29,27,661,186,414,145,63,42,351,152,984,144,194,72,790,162,1203,164,133,77,1070,172,1697,194,179,101,1518,178,1123,172,1090,166,33,37,1160,190,1160,190,0,19,10095,389,585,194,101,112,484,182,1506,239,249,135,1257,241,419,141,68,64,351,130,515,172,72,59,443,172,845,139,146,76,699,140,1362,203,100,60,1262,206,1609,183,244,89,1365,166,1597,217,1456,198,141,89,1657,191,1628,193,29,33
0600000US0900967610,0900967610,"Seymour town, New Haven County, Connecticut",16386,124,8197,406,428,131,92,60,336,128,1756,390,674,328,1082,253,813,220,235,141,578,168,786,171,205,115,581,151,1175,184,159,84,1016,171,1111,185,61,74,1050,179,1294,207,260,112,1034,194,570,123,491,111,79,54,264,87,259,87,5,8,8189,411,299,144,61,60,238,118,1345,244,356,135,989,223,899,204,199,130,700,212,756,153,274,129,482,164,1038,192,135,75,903,182,1246,192,212,121,1034,171,1214,184,242,105,972,182,642,114,598,122,44,34,750,179,745,177,5,9
0600000US0900537280,0900537280,"Harwinton town, Litchfield County, Connecticut",5469,31,2785,153,88,61,12,19,76,58,561,148,107,54,454,152,117,63,6,13,111,62,212,90,24,25,188,84,224,72,34,30,190,66,532,93,44,42,488,98,443,87,31,28,412,86,353,69,332,69,21,21,255,64,246,65,9,13,2684,153,169,78,56,53,113,75,458,137,134,103,324,109,129,57,17,20,112,60,195,72,26,29,169,69,243,76,34,28,209,71,473,96,60,42,413,90,471,82,32,25,439,87,322,63,304,65,18,21,224,62,224,62,0,17
0600000US0900312270,0900312270,"Canton town, Hartford County, Connecticut",10200,48,4943,285,264,115,35,40,229,111,783,188,38,38,745,184,310,151,0,19,310,151,534,161,110,86,424,149,500,134,11,15,489,133,882,186,29,33,853,186,914,173,169,100,745,156,459,110,446,109,13,21,297,94,289,95,8,13,5257,282,383,116,0,19,383,116,864,202,81,83,783,202,229,129,23,36,206,128,414,118,28,33,386,109,576,106,54,48,522,99,865,203,64,76,801,200,915,172,142,101,773,163,681,125,636,116,45,39,330,104,330,104,0,19
0600000US0900360120,0900360120,"Plainville town, Hartford County, Connecticut",17657,63,9121,367,436,148,177,99,259,136,1310,286,568,248,742,305,913,203,113,102,800,179,1088,281,307,244,781,156,1262,200,197,133,1065,184,1304,228,207,140,1097,209,1306,201,379,108,927,181,1082,176,945,176,137,88,420,146,402,146,18,31,8536,374,514,121,214,113,300,118,907,170,328,150,579,144,556,138,161,92,395,106,988,194,214,86,774,197,1191,208,255,134,936,194,1143,206,169,75,974,194,1610,244,355,162,1255,199,956,158,881,167,75,62,671,165,671,165,0,19
0600000US0900387000,0900387000,"Windsor town, Hartford County, Connecticut",28561,165,13322,457,711,171,164,78,547,173,2285,305,633,219,1652,303,1175,263,161,86,1014,241,1405,314,244,103,1161,292,1602,196,196,105,1406,198,2003,276,329,132,1674,243,1948,211,344,132,1604,189,1291,189,1205,186,86,59,902,170,902,170,0,23,15239,474,854,233,74,48,780,227,2270,323,467,164,1803,307,1197,308,191,101,1006,300,1687,236,181,94,1506,230,1641,197,180,67,1461,196,2550,273,340,122,2210,267,2347,262,316,104,2031,272,1657,191,1538,203,119,63,1036,160,1036,160,0,23
0600000US0900350440,0900350440,"New Britain town, Hartford County, Connecticut",72208,209,35365,662,2651,376,1968,333,683,256,6827,660,4389,475,2438,582,4649,552,1435,290,3214,479,5202,469,1375,246,3827,439,4279,399,1177,250,3102,356,3966,361,1343,276,2623,344,3983,308,1145,197,2838,264,2215,275,2019,246,196,112,1593,240,1570,241,23,38,36843,686,2909,412,2110,402,799,200,5967,474,3963,421,2004,389,3984,428,1698,275,2286,341,5444,395,2258,250,3186,358,4920,350,2006,275,2914,332,4083,373,1449,215,2634,323,4441,378,1499,253,2942,292,2768,307,2553,288,215,107,2327,231,2317,231,10,16
0600000US0900322070,0900322070,"East Granby town, Hartford County, Connecticut",5234,148,2362,225,130,76,12,20,118,74,448,179,55,59,393,156,113,108,18,32,95,103,184,85,0,17,184,85,275,87,51,57,224,68,315,111,0,17,315,111,479,131,76,65,403,119,289,102,289,102,0,17,129,59,129,59,0,17,2872,216,203,109,108,103,95,63,522,136,60,76,462,122,127,91,20,36,107,83,251,104,13,22,238,102,455,112,83,90,372,92,422,118,0,17,422,118,388,135,79,66,309,125,245,90,228,88,17,27,259,80,259,80,0,17
0600000US0900310100,0900310100,"Burlington town, Hartford County, Connecticut",9597,29,4592,195,250,83,42,39,208,77,853,139,139,93,714,130,388,118,33,41,355,107,295,113,49,41,246,96,645,92,38,30,607,93,799,116,52,41,747,110,744,128,103,65,641,117,488,98,423,100,65,45,130,56,130,56,0,17,5005,195,197,60,3,12,194,60,1101,149,92,62,1009,154,259,68,11,16,248,67,366,96,23,31,343,93,653,79,45,32,608,83,827,112,32,47,795,105,793,129,28,25,765,126,537,87,537,87,0,17,272,84,249,83,23,31
0600000US0900322630,0900322630,"East Hartford town, Hartford County, Connecticut",50176,170,25096,702,2137,338,1239,314,898,241,4442,401,2128,354,2314,365,3003,573,898,280,2105,593,3174,387,640,191,2534,339,3420,389,806,243,2614,312,3329,341,877,198,2452,360,2772,262,802,208,1970,237,1568,209,1450,197,118,59,1251,192,1244,193,7,22,25080,660,1537,308,949,272,588,173,3660,380,1891,401,1769,290,2375,331,843,242,1532,262,2910,372,880,184,2030,318,4119,360,1437,260,2682,316,3069,304,790,185,2279,279,3314,319,818,164,2496,301,2191,253,1990,220,201,102,1905,192,1859,199,46,59
0600000US0900331240,0900331240,"Glastonbury town, Hartford County, Connecticut",34340,143,16836,480,908,209,136,74,772,205,3346,304,382,153,2964,338,1114,229,72,52,1042,223,1228,226,184,85,1044,214,2051,393,163,85,1888,389,3108,228,206,86,2902,207,2439,219,83,48,2356,213,1621,179,1535,182,86,50,1021,170,1013,170,8,13,17504,484,766,154,30,30,736,152,3287,344,382,162,2905,329,913,219,132,77,781,197,1131,205,194,119,937,173,2241,177,188,99,2053,181,3057,232,273,131,2784,203,2942,227,180,87,2762,214,1690,173,1622,171,68,47,1477,242,1470,242,7,12
0600000US0900365370,0900365370,"Rocky Hill town, Hartford County, Connecticut",19873,114,9330,423,688,182,24,36,664,182,1091,260,184,155,907,227,670,231,120,103,550,207,1416,247,311,156,1105,210,1125,239,32,41,1093,232,1225,200,163,114,1062,176,1318,230,178,124,1140,204,1239,189,1083,198,156,99,558,160,558,160,0,23,10543,439,582,205,117,142,465,147,1345,246,61,69,1284,237,660,220,113,91,547,183,1674,287,249,170,1425,274,1127,202,114,75,1013,200,1312,196,174,120,1138,185,1661,243,95,57,1566,235,1228,189,1194,191,34,40,954,234,954,234,0,23
0600000US0901575870,0901575870,"Thompson town, Windham County, Connecticut",9306,34,4732,220,394,119,196,96,198,90,739,145,177,74,562,131,234,90,8,12,226,89,670,230,128,81,542,214,522,100,162,96,360,71,719,134,168,94,551,117,689,120,69,48,620,125,397,96,376,91,21,26,368,95,368,95,0,17,4574,212,229,102,156,96,73,50,543,141,126,72,417,131,481,159,123,84,358,124,499,116,116,89,383,105,600,137,164,86,436,121,745,121,39,29,706,117,820,157,191,81,629,133,351,85,343,85,8,11,306,84,306,84,0,17
0600000US0901586790,0901586790,"Windham town, Windham County, Connecticut",24286,173,11462,358,934,148,737,135,197,90,2116,290,1463,232,653,178,2365,283,459,149,1906,290,1500,222,359,123,1141,201,1286,182,519,167,767,205,1079,167,463,170,616,204,1056,151,327,107,729,155,807,159,774,155,33,39,319,115,301,109,18,27,12824,372,795,162,569,146,226,118,2024,257,1169,186,855,249,2730,315,681,139,2049,315,1649,165,693,174,956,191,1438,175,607,143,831,181,1204,171,479,125,725,140,1357,190,464,141,893,149,973,133,892,137,81,55,654,131,639,131,15,24
0400000US09,09,Connecticut,3530088,480,1714250,805,112840,926,44784,1326,68056,1308,298936,1287,96411,2032,202525,2235,169379,1444,29091,1300,140288,1956,191754,1237,34432,1162,157322,1554,203846,484,31777,1413,172069,1432,249763,458,40031,1181,209732,1190,240596,325,41694,1399,198902,1409,149947,356,138400,618,11547,573,97189,358,95955,421,1234,259,1815838,699,109033,945,41203,1325,67830,1289,284348,1267,91191,1949,193157,1955,164958,1546,36700,1195,128258,1701,194147,1100,49790,1394,144357,1617,217517,252,45512,1455,172005,1475,268337,209,46090,1377,222247,1375,257999,281,46118,1417,211881,1453,173390,357,161435,841,11955,843,146109,567,143962,709,2147,370
